ts,id,district,fwy,dir,lane_type,length,samples,pct_obs,flow,occ,speed,l1_samples,l1_flow,l1_occ,l1_speed,l1_obs,l2_samples,l2_flow,l2_occ,l2_speed,l2_obs,l3_samples,l3_flow,l3_occ,l3_speed,l3_obs,l4_samples,l4_flow,l4_occ,l4_speed,l4_obs,l5_samples,l5_flow,l5_occ,l5_speed,l5_obs,l6_samples,l6_flow,l6_occ,l6_speed,l6_obs,l7_samples,l7_flow,l7_occ,l7_speed,l7_obs,l8_samples,l8_flow,l8_occ,l8_speed,l8_obs
2026-01-06 00:00:00,421237,4,580,E,ML,1.513,30,67,51.0,0.0152,64.4,10,5.0,0.0036,71.9,1,10.0,12.0,0.0093,69.7,1,10.0,34.0,0.0326,61.5,0,,,,,0,,,,,0,,,,,0,,,,,0,,,,,0
2026-01-06 00:00:00,421238,4,580,E,ML,3.005,30,67,45.0,0.0125,64.0,10,4.0,0.002,71.9,1,10.0,9.0,0.0052,69.7,1,10.0,32.0,0.0304,61.5,0,,,,,0,,,,,0,,,,,0,,,,,0,,,,,0
2026-01-06 00:05:00,421237,4,580,E,ML,1.513,30,67,52.0,0.0182,63.7,10,7.0,0.0052,71.6,1,10.0,11.0,0.0138,68.1,1,10.0,34.0,0.0356,60.7,0,,,,,0,,,,,0,,,,,0,,,,,0,,,,,0
2026-01-06 00:05:00,421238,4,580,E,ML,3.005,30,67,60.0,0.0159,64.6,10,8.0,0.004,71.9,1,10.0,16.0,0.0101,69.6,1,10.0,36.0,0.0335,60.8,0,,,,,0,,,,,0,,,,,0,,,,,0,,,,,0
2026-01-06 00:10:00,421237,4,580,E,ML,1.513,30,67,64.0,0.0203,63.9,10,8.0,0.0054,71.6,1,10.0,18.0,0.0183,67.4,1,10.0,38.0,0.0371,60.6,0,,,,,0,,,,,0,,,,,0,,,,,0,,,,,0
2026-01-06 00:10:00,421238,4,580,E,ML,3.005,30,67,46.0,0.0132,63.8,10,3.0,0.0015,71.9,1,10.0,10.0,0.0064,69.6,1,10.0,33.0,0.0318,61.2,0,,,,,0,,,,,0,,,,,0,,,,,0,,,,,0
2026-01-06 00:15:00,421237,4,580,E,ML,1.513,30,67,65.0,0.0227,62.5,10,11.0,0.0078,71.4,1,10.0,16.0,0.0208,64.4,1,10.0,38.0,0.0396,59.2,0,,,,,0,,,,,0,,,,,0,,,,,0,,,,,0
2026-01-06 00:15:00,421238,4,580,E,ML,3.005,30,67,68.0,0.019,64.4,10,8.0,0.0044,71.7,1,10.0,22.0,0.0155,68.8,1,10.0,38.0,0.037,60.3,0,,,,,0,,,,,0,,,,,0,,,,,0,,,,,0
2026-01-06 00:20:00,421237,4,580,E,ML,1.513,30,67,58.0,0.0191,62.8,10,8.0,0.0057,71.4,1,10.0,14.0,0.0155,65.6,1,10.0,36.0,0.0362,59.8,0,,,,,0,,,,,0,,,,,0,,,,,0,,,,,0
2026-01-06 00:20:00,421238,4,580,E,ML,3.005,30,67,71.0,0.0186,64.5,10,14.0,0.0076,71.6,1,10.0,19.0,0.0135,68.5,1,10.0,38.0,0.0348,60.0,0,,,,,0,,,,,0,,,,,0,,,,,0,,,,,0
2026-01-06 00:25:00,421237,4,580,E,ML,1.513,30,67,61.0,0.0224,60.1,10,4.0,0.0022,71.7,1,10.0,19.0,0.0251,61.3,1,10.0,38.0,0.0398,58.3,0,,,,,0,,,,,0,,,,,0,,,,,0,,,,,0
2026-01-06 00:25:00,421238,4,580,E,ML,3.005,30,67,63.0,0.0164,64.2,10,9.0,0.0043,71.8,1,10.0,17.0,0.0111,68.8,1,10.0,37.0,0.0337,60.3,0,,,,,0,,,,,0,,,,,0,,,,,0,,,,,0
2026-01-06 00:30:00,421237,4,580,E,ML,1.513,30,67,44.0,0.0147,61.5,10,3.0,0.0022,71.6,1,10.0,9.0,0.0097,64.9,1,10.0,32.0,0.0323,59.7,0,,,,,0,,,,,0,,,,,0,,,,,0,,,,,0
2026-01-06 00:30:00,421238,4,580,E,ML,3.005,30,67,40.0,0.0112,62.5,10,3.0,0.0013,71.9,1,10.0,6.0,0.0032,69.4,1,10.0,31.0,0.029,60.2,0,,,,,0,,,,,0,,,,,0,,,,,0,,,,,0
2026-01-06 00:35:00,421237,4,580,E,ML,1.513,30,67,46.0,0.017,61.7,10,3.0,0.0023,71.6,1,10.0,10.0,0.0142,65.2,1,10.0,33.0,0.0345,59.7,0,,,,,0,,,,,0,,,,,0,,,,,0,,,,,0
2026-01-06 00:35:00,421238,4,580,E,ML,3.005,30,67,48.0,0.0142,63.3,10,4.0,0.0019,71.9,1,10.0,11.0,0.0089,68.9,1,10.0,33.0,0.0318,60.4,0,,,,,0,,,,,0,,,,,0,,,,,0,,,,,0
2026-01-06 00:40:00,421237,4,580,E,ML,1.513,30,67,47.0,0.0153,62.4,10,2.0,0.0013,71.7,1,10.0,11.0,0.0111,66.9,1,10.0,34.0,0.0334,60.4,0,,,,,0,,,,,0,,,,,0,,,,,0,,,,,0
2026-01-06 00:40:00,421238,4,580,E,ML,3.005,30,67,47.0,0.0129,62.8,10,2.0,0.001,71.9,1,10.0,11.0,0.0066,69.3,1,10.0,34.0,0.031,60.2,0,,,,,0,,,,,0,,,,,0,,,,,0,,,,,0
2026-01-06 00:45:00,421237,4,580,E,ML,1.513,30,67,50.0,0.0157,63.5,10,5.0,0.0029,71.8,1,10.0,11.0,0.0106,67.9,1,10.0,34.0,0.0336,60.8,0,,,,,0,,,,,0,,,,,0,,,,,0,,,,,0
2026-01-06 00:45:00,421238,4,580,E,ML,3.005,30,67,54.0,0.0145,64.0,10,3.0,0.0014,71.9,1,10.0,16.0,0.0095,69.6,1,10.0,35.0,0.0325,60.7,0,,,,,0,,,,,0,,,,,0,,,,,0,,,,,0
2026-01-06 00:50:00,421237,4,580,E,ML,1.513,30,67,39.0,0.0125,63.2,10,3.0,0.0031,71.4,1,10.0,6.0,0.0047,68.9,1,10.0,30.0,0.0296,61.2,0,,,,,0,,,,,0,,,,,0,,,,,0,,,,,0
2026-01-06 00:50:00,421238,4,580,E,ML,3.005,30,67,40.0,0.0117,63.5,10,4.0,0.0031,71.5,1,10.0,6.0,0.0035,69.7,1,10.0,30.0,0.0285,61.2,0,,,,,0,,,,,0,,,,,0,,,,,0,,,,,0
2026-01-06 00:55:00,421237,4,580,E,ML,1.513,30,67,50.0,0.0197,61.8,10,5.0,0.0035,71.5,1,10.0,11.0,0.0191,64.3,1,10.0,34.0,0.0364,59.5,0,,,,,0,,,,,0,,,,,0,,,,,0,,,,,0
2026-01-06 00:55:00,421238,4,580,E,ML,3.005,30,67,46.0,0.0133,63.4,10,2.0,0.0009,71.8,1,10.0,11.0,0.0077,69.4,1,10.0,33.0,0.0313,60.9,0,,,,,0,,,,,0,,,,,0,,,,,0,,,,,0
2026-01-06 01:00:00,421237,4,580,E,ML,1.513,30,67,40.0,0.012,62.5,10,2.0,0.0012,71.7,1,10.0,7.0,0.0047,67.6,1,10.0,31.0,0.0301,60.7,0,,,,,0,,,,,0,,,,,0,,,,,0,,,,,0
2026-01-06 01:00:00,421238,4,580,E,ML,3.005,30,67,42.0,0.012,63.4,10,4.0,0.0021,71.8,1,10.0,7.0,0.0046,69.5,1,10.0,31.0,0.0294,60.9,0,,,,,0,,,,,0,,,,,0,,,,,0,,,,,0
2026-01-06 01:05:00,421237,4,580,E,ML,1.513,30,67,41.0,0.0148,62.4,10,1.0,0.0007,71.7,1,10.0,8.0,0.0105,67.9,1,10.0,32.0,0.0332,60.7,0,,,,,0,,,,,0,,,,,0,,,,,0,,,,,0
2026-01-06 01:05:00,421238,4,580,E,ML,3.005,30,67,41.0,0.0118,63.5,10,1.0,0.0004,72.0,1,10.0,9.0,0.005,69.8,1,10.0,31.0,0.0301,61.4,0,,,,,0,,,,,0,,,,,0,,,,,0,,,,,0
2026-01-06 01:10:00,421237,4,580,E,ML,1.513,29,67,51.0,0.017,63.5,9,3.0,0.0017,71.9,1,10.0,13.0,0.0142,68.4,1,10.0,35.0,0.0351,60.9,0,,,,,0,,,,,0,,,,,0,,,,,0,,,,,0
2026-01-06 01:10:00,421238,4,580,E,ML,3.005,30,67,47.0,0.0147,63.1,10,1.0,0.0006,71.8,1,10.0,12.0,0.0104,68.9,1,10.0,34.0,0.033,60.8,0,,,,,0,,,,,0,,,,,0,,,,,0,,,,,0
2026-01-06 01:15:00,421237,4,580,E,ML,1.513,30,67,36.0,0.0117,62.6,10,1.0,0.0007,71.8,1,10.0,5.0,0.0047,69.1,1,10.0,30.0,0.0298,61.2,0,,,,,0,,,,,0,,,,,0,,,,,0,,,,,0
2026-01-06 01:15:00,421238,4,580,E,ML,3.005,30,67,42.0,0.0119,63.5,10,3.0,0.0016,71.8,1,10.0,8.0,0.0049,69.3,1,10.0,31.0,0.0292,61.2,0,,,,,0,,,,,0,,,,,0,,,,,0,,,,,0
2026-01-06 01:20:00,421237,4,580,E,ML,1.513,30,67,51.0,0.0179,63.9,10,6.0,0.0059,71.2,1,10.0,11.0,0.0131,68.7,1,10.0,34.0,0.0347,61.0,0,,,,,0,,,,,0,,,,,0,,,,,0,,,,,0
2026-01-06 01:20:00,421238,4,580,E,ML,3.005,30,67,46.0,0.0138,63.6,10,2.0,0.0015,71.6,1,10.0,11.0,0.0078,69.2,1,10.0,33.0,0.032,61.2,0,,,,,0,,,,,0,,,,,0,,,,,0,,,,,0
2026-01-06 01:25:00,421237,4,580,E,ML,1.513,30,67,50.0,0.016,63.8,10,2.0,0.0012,71.6,1,10.0,13.0,0.0125,69.4,1,10.0,35.0,0.0342,61.3,0,,,,,0,,,,,0,,,,,0,,,,,0,,,,,0
2026-01-06 01:25:00,421238,4,580,E,ML,3.005,30,67,51.0,0.0146,64.0,10,4.0,0.0023,71.6,1,10.0,13.0,0.0092,69.1,1,10.0,34.0,0.0322,61.2,0,,,,,0,,,,,0,,,,,0,,,,,0,,,,,0
2026-01-06 01:30:00,421237,4,580,E,ML,1.513,30,67,46.0,0.0185,61.9,10,2.0,0.0011,71.8,1,10.0,10.0,0.0174,66.2,1,10.0,34.0,0.0369,60.0,0,,,,,0,,,,,0,,,,,0,,,,,0,,,,,0
2026-01-06 01:30:00,421238,4,580,E,ML,3.005,30,67,50.0,0.0146,63.5,10,1.0,0.0004,71.9,1,10.0,14.0,0.01,69.0,1,10.0,35.0,0.0334,61.0,0,,,,,0,,,,,0,,,,,0,,,,,0,,,,,0
2026-01-06 01:35:00,421237,4,580,E,ML,1.513,30,67,44.0,0.0146,62.6,10,1.0,0.0007,71.7,1,10.0,10.0,0.0105,67.8,1,10.0,33.0,0.0326,60.7,0,,,,,0,,,,,0,,,,,0,,,,,0,,,,,0
2026-01-06 01:35:00,421238,4,580,E,ML,3.005,30,67,40.0,0.0118,62.5,10,0.0,0.0,71.9,1,10.0,8.0,0.0054,69.2,1,10.0,32.0,0.03,60.8,0,,,,,0,,,,,0,,,,,0,,,,,0,,,,,0
2026-01-06 01:40:00,421237,4,580,E,ML,1.513,30,67,49.0,0.0144,63.9,10,1.0,0.0008,71.6,1,10.0,13.0,0.0095,69.8,1,10.0,35.0,0.0329,61.5,0,,,,,0,,,,,0,,,,,0,,,,,0,,,,,0
2026-01-06 01:40:00,421238,4,580,E,ML,3.005,30,67,51.0,0.0135,64.1,10,2.0,0.0009,71.9,1,10.0,14.0,0.0079,69.7,1,10.0,35.0,0.0316,61.4,0,,,,,0,,,,,0,,,,,0,,,,,0,,,,,0
2026-01-06 01:45:00,421237,4,580,E,ML,1.513,30,67,46.0,0.0158,63.7,10,3.0,0.0028,71.4,1,10.0,10.0,0.0115,69.3,1,10.0,33.0,0.0332,61.4,0,,,,,0,,,,,0,,,,,0,,,,,0,,,,,0
2026-01-06 01:45:00,421238,4,580,E,ML,3.005,30,67,45.0,0.0124,63.8,10,2.0,0.0009,71.9,1,10.0,10.0,0.006,69.8,1,10.0,33.0,0.0303,61.5,0,,,,,0,,,,,0,,,,,0,,,,,0,,,,,0
2026-01-06 01:50:00,421237,4,580,E,ML,1.513,30,67,41.0,0.0146,62.9,10,1.0,0.0005,71.8,1,10.0,8.0,0.0106,68.7,1,10.0,32.0,0.0328,61.1,0,,,,,0,,,,,0,,,,,0,,,,,0,,,,,0
2026-01-06 01:50:00,421238,4,580,E,ML,3.005,30,67,41.0,0.0125,63.2,10,1.0,0.0006,71.8,1,10.0,8.0,0.0064,69.4,1,10.0,32.0,0.0305,61.4,0,,,,,0,,,,,0,,,,,0,,,,,0,,,,,0
2026-01-06 01:55:00,421237,4,580,E,ML,1.513,30,67,48.0,0.0162,63.5,10,2.0,0.0012,71.9,1,10.0,12.0,0.0131,68.8,1,10.0,34.0,0.0343,61.1,0,,,,,0,,,,,0,,,,,0,,,,,0,,,,,0
2026-01-06 01:55:00,421238,4,580,E,ML,3.005,30,67,43.0,0.0125,63.7,10,4.0,0.0019,71.9,1,10.0,8.0,0.0051,69.5,1,10.0,31.0,0.0305,61.2,0,,,,,0,,,,,0,,,,,0,,,,,0,,,,,0
2026-01-06 02:00:00,421237,4,580,E,ML,1.513,30,67,45.0,0.0153,63.5,10,2.0,0.0013,71.8,1,10.0,10.0,0.0113,69.3,1,10.0,33.0,0.0332,61.3,0,,,,,0,,,,,0,,,,,0,,,,,0,,,,,0
2026-01-06 02:00:00,421238,4,580,E,ML,3.005,30,67,49.0,0.0135,64.0,10,2.0,0.0009,71.9,1,10.0,13.0,0.0082,69.6,1,10.0,34.0,0.0313,61.4,0,,,,,0,,,,,0,,,,,0,,,,,0,,,,,0
2026-01-06 02:05:00,421237,4,580,E,ML,1.513,30,67,45.0,0.015,63.9,10,4.0,0.0027,71.7,1,10.0,9.0,0.0098,69.6,1,10.0,32.0,0.0326,61.4,0,,,,,0,,,,,0,,,,,0,,,,,0,,,,,0
2026-01-06 02:05:00,421238,4,580,E,ML,3.005,30,67,43.0,0.0122,63.5,10,2.0,0.001,71.9,1,10.0,9.0,0.0054,69.7,1,10.0,32.0,0.0302,61.3,0,,,,,0,,,,,0,,,,,0,,,,,0,,,,,0
2026-01-06 02:10:00,421237,4,580,E,ML,1.513,30,67,54.0,0.019,64.0,10,7.0,0.0045,71.7,1,10.0,12.0,0.0163,68.5,1,10.0,35.0,0.0361,61.0,0,,,,,0,,,,,0,,,,,0,,,,,0,,,,,0
2026-01-06 02:10:00,421238,4,580,E,ML,3.005,30,67,50.0,0.0137,64.3,10,4.0,0.0019,71.9,1,10.0,12.0,0.0072,69.8,1,10.0,34.0,0.0319,61.4,0,,,,,0,,,,,0,,,,,0,,,,,0,,,,,0
2026-01-06 02:15:00,421237,4,580,E,ML,1.513,30,67,41.0,0.0128,63.3,10,1.0,0.0007,71.7,1,10.0,8.0,0.0067,69.7,1,10.0,32.0,0.0311,61.4,0,,,,,0,,,,,0,,,,,0,,,,,0,,,,,0
2026-01-06 02:15:00,421238,4,580,E,ML,3.005,30,67,52.0,0.0139,64.8,10,6.0,0.003,71.8,1,10.0,13.0,0.0079,69.8,1,10.0,33.0,0.0309,61.5,0,,,,,0,,,,,0,,,,,0,,,,,0,,,,,0
2026-01-06 02:20:00,421237,4,580,E,ML,1.513,30,67,48.0,0.0169,63.8,10,2.0,0.0015,71.6,1,10.0,12.0,0.0144,69.4,1,10.0,34.0,0.0348,61.3,0,,,,,0,,,,,0,,,,,0,,,,,0,,,,,0
2026-01-06 02:20:00,421238,4,580,E,ML,3.005,30,67,46.0,0.013,63.9,10,3.0,0.0014,71.9,1,10.0,10.0,0.0065,69.7,1,10.0,33.0,0.0311,61.4,0,,,,,0,,,,,0,,,,,0,,,,,0,,,,,0
2026-01-06 02:25:00,421237,4,580,E,ML,1.513,30,67,43.0,0.0141,63.5,10,0.0,0.0,71.6,1,10.0,10.0,0.0097,70.0,1,10.0,33.0,0.0325,61.5,0,,,,,0,,,,,0,,,,,0,,,,,0,,,,,0
2026-01-06 02:25:00,421238,4,580,E,ML,3.005,29,67,43.0,0.0121,63.6,10,1.0,0.0004,72.0,1,9.0,10.0,0.0057,69.8,1,10.0,32.0,0.0303,61.4,0,,,,,0,,,,,0,,,,,0,,,,,0,,,,,0
2026-01-06 02:30:00,421237,4,580,E,ML,1.513,29,67,45.0,0.0162,63.5,10,1.0,0.0007,71.6,1,9.0,11.0,0.0139,69.3,1,10.0,33.0,0.034,61.3,0,,,,,0,,,,,0,,,,,0,,,,,0,,,,,0
2026-01-06 02:30:00,421238,4,580,E,ML,3.005,30,67,41.0,0.0119,63.3,10,1.0,0.0004,72.1,1,10.0,8.0,0.0053,69.7,1,10.0,32.0,0.03,61.4,0,,,,,0,,,,,0,,,,,0,,,,,0,,,,,0
2026-01-06 02:35:00,421237,4,580,E,ML,1.513,30,67,42.0,0.0136,63.5,10,4.0,0.0027,71.6,1,10.0,6.0,0.0066,69.6,1,10.0,32.0,0.0314,61.4,0,,,,,0,,,,,0,,,,,0,,,,,0,,,,,0
2026-01-06 02:35:00,421238,4,580,E,ML,3.005,30,67,46.0,0.0125,63.8,10,2.0,0.0008,72.1,1,10.0,11.0,0.0062,69.9,1,10.0,33.0,0.0306,61.3,0,,,,,0,,,,,0,,,,,0,,,,,0,,,,,0
2026-01-06 02:40:00,421237,4,580,E,ML,1.513,30,67,50.0,0.0192,63.0,10,5.0,0.0032,71.7,1,10.0,11.0,0.0177,67.2,1,10.0,34.0,0.0368,60.4,0,,,,,0,,,,,0,,,,,0,,,,,0,,,,,0
2026-01-06 02:40:00,421238,4,580,E,ML,3.005,30,67,49.0,0.0145,64.1,10,6.0,0.0027,72.1,1,10.0,10.0,0.0084,69.2,1,10.0,33.0,0.0325,61.2,0,,,,,0,,,,,0,,,,,0,,,,,0,,,,,0
2026-01-06 02:45:00,421237,4,580,E,ML,1.513,30,67,50.0,0.0203,61.7,10,4.0,0.0029,71.6,1,10.0,12.0,0.0206,64.5,1,10.0,34.0,0.0373,59.5,0,,,,,0,,,,,0,,,,,0,,,,,0,,,,,0
2026-01-06 02:45:00,421238,4,580,E,ML,3.005,30,67,46.0,0.0131,63.3,10,1.0,0.0005,72.0,1,10.0,11.0,0.0073,69.3,1,10.0,34.0,0.0314,61.0,0,,,,,0,,,,,0,,,,,0,,,,,0,,,,,0
2026-01-06 02:50:00,421237,4,580,E,ML,1.513,30,67,44.0,0.0156,62.0,10,2.0,0.0012,71.8,1,10.0,9.0,0.012,66.5,1,10.0,33.0,0.0335,60.2,0,,,,,0,,,,,0,,,,,0,,,,,0,,,,,0
2026-01-06 02:50:00,421238,4,580,E,ML,3.005,30,67,48.0,0.0136,63.1,10,1.0,0.0004,72.1,1,10.0,13.0,0.0087,69.3,1,10.0,34.0,0.0316,60.5,0,,,,,0,,,,,0,,,,,0,,,,,0,,,,,0
2026-01-06 02:55:00,421237,4,580,E,ML,1.513,30,67,49.0,0.0217,59.8,10,3.0,0.0021,71.7,1,10.0,12.0,0.0236,61.5,1,10.0,34.0,0.0393,58.2,0,,,,,0,,,,,0,,,,,0,,,,,0,,,,,0
2026-01-06 02:55:00,421238,4,580,E,ML,3.005,30,67,38.0,0.0123,62.3,10,0.0,0.0,72.1,1,10.0,7.0,0.0053,69.2,1,10.0,31.0,0.0315,60.7,0,,,,,0,,,,,0,,,,,0,,,,,0,,,,,0
2026-01-06 03:00:00,421237,4,580,E,ML,1.513,30,67,45.0,0.0164,61.1,10,0.0,0.0,71.7,1,10.0,12.0,0.0144,65.3,1,10.0,33.0,0.0348,59.5,0,,,,,0,,,,,0,,,,,0,,,,,0,,,,,0
2026-01-06 03:00:00,421238,4,580,E,ML,3.005,30,67,52.0,0.0162,62.6,10,4.0,0.0018,72.0,1,10.0,14.0,0.0132,67.8,1,10.0,34.0,0.0337,59.3,0,,,,,0,,,,,0,,,,,0,,,,,0,,,,,0
2026-01-06 03:05:00,421237,4,580,E,ML,1.513,30,67,47.0,0.018,62.0,10,6.0,0.0034,71.9,1,10.0,8.0,0.0153,65.0,1,10.0,33.0,0.0354,59.5,0,,,,,0,,,,,0,,,,,0,,,,,0,,,,,0
2026-01-06 03:05:00,421238,4,580,E,ML,3.005,30,67,48.0,0.0142,62.2,10,3.0,0.0013,72.0,1,10.0,11.0,0.0091,68.0,1,10.0,34.0,0.0323,59.4,0,,,,,0,,,,,0,,,,,0,,,,,0,,,,,0
2026-01-06 03:10:00,421237,4,580,E,ML,1.513,30,67,47.0,0.0155,62.7,10,1.0,0.0008,71.7,1,10.0,12.0,0.0121,67.8,1,10.0,34.0,0.0336,60.7,0,,,,,0,,,,,0,,,,,0,,,,,0,,,,,0
2026-01-06 03:10:00,421238,4,580,E,ML,3.005,30,67,48.0,0.013,63.2,10,5.0,0.0021,72.1,1,10.0,10.0,0.0063,68.8,1,10.0,33.0,0.0307,60.2,0,,,,,0,,,,,0,,,,,0,,,,,0,,,,,0
2026-01-06 03:15:00,421237,4,580,E,ML,1.513,30,67,46.0,0.0187,61.8,10,3.0,0.0018,71.8,1,10.0,10.0,0.0184,65.3,1,10.0,33.0,0.036,59.8,0,,,,,0,,,,,0,,,,,0,,,,,0,,,,,0
2026-01-06 03:15:00,421238,4,580,E,ML,3.005,30,67,49.0,0.0126,63.7,10,4.0,0.002,72.0,1,10.0,11.0,0.0056,69.5,1,10.0,34.0,0.0303,60.9,0,,,,,0,,,,,0,,,,,0,,,,,0,,,,,0
2026-01-06 03:20:00,421237,4,580,E,ML,1.513,30,67,44.0,0.0145,63.2,10,6.0,0.0041,71.7,1,10.0,7.0,0.0082,67.4,1,10.0,31.0,0.0312,60.7,0,,,,,0,,,,,0,,,,,0,,,,,0,,,,,0
2026-01-06 03:20:00,421238,4,580,E,ML,3.005,30,67,40.0,0.0115,62.7,10,1.0,0.0005,71.9,1,10.0,8.0,0.0048,69.6,1,10.0,31.0,0.0292,60.6,0,,,,,0,,,,,0,,,,,0,,,,,0,,,,,0
2026-01-06 03:25:00,421237,4,580,E,ML,1.513,30,67,35.0,0.014,61.9,10,1.0,0.0008,71.6,1,10.0,5.0,0.0098,67.4,1,10.0,29.0,0.0315,60.7,0,,,,,0,,,,,0,,,,,0,,,,,0,,,,,0
2026-01-06 03:25:00,421238,4,580,E,ML,3.005,30,67,40.0,0.0113,63.4,10,4.0,0.0019,71.9,1,10.0,6.0,0.0037,69.6,1,10.0,30.0,0.0284,61.1,0,,,,,0,,,,,0,,,,,0,,,,,0,,,,,0
2026-01-06 03:30:00,421237,4,580,E,ML,1.513,30,67,47.0,0.0151,63.4,10,5.0,0.0032,71.7,1,10.0,8.0,0.009,68.6,1,10.0,34.0,0.0332,61.0,0,,,,,0,,,,,0,,,,,0,,,,,0,,,,,0
2026-01-06 03:30:00,421238,4,580,E,ML,3.005,30,67,48.0,0.0134,63.9,10,3.0,0.0014,71.9,1,10.0,12.0,0.0071,69.7,1,10.0,33.0,0.0318,61.1,0,,,,,0,,,,,0,,,,,0,,,,,0,,,,,0
2026-01-06 03:35:00,421237,4,580,E,ML,1.513,30,67,46.0,0.0178,63.0,10,6.0,0.0038,71.8,1,10.0,8.0,0.0153,66.7,1,10.0,32.0,0.0344,60.4,0,,,,,0,,,,,0,,,,,0,,,,,0,,,,,0
2026-01-06 03:35:00,421238,4,580,E,ML,3.005,30,67,53.0,0.0142,64.4,10,7.0,0.0035,71.8,1,10.0,13.0,0.0082,69.6,1,10.0,33.0,0.0309,60.7,0,,,,,0,,,,,0,,,,,0,,,,,0,,,,,0
2026-01-06 03:40:00,421237,4,580,E,ML,1.513,30,67,55.0,0.0198,63.5,10,9.0,0.0063,71.6,1,10.0,12.0,0.0175,66.4,1,10.0,34.0,0.0356,60.3,0,,,,,0,,,,,0,,,,,0,,,,,0,,,,,0
2026-01-06 03:40:00,421238,4,580,E,ML,3.005,30,67,41.0,0.0123,62.9,10,2.0,0.0011,71.7,1,10.0,8.0,0.0056,69.4,1,10.0,31.0,0.0303,60.7,0,,,,,0,,,,,0,,,,,0,,,,,0,,,,,0
2026-01-06 03:45:00,421237,4,580,E,ML,1.513,30,67,55.0,0.0191,63.4,10,6.0,0.0033,71.9,1,10.0,14.0,0.0177,67.2,1,10.0,35.0,0.0364,60.5,0,,,,,0,,,,,0,,,,,0,,,,,0,,,,,0
2026-01-06 03:45:00,421238,4,580,E,ML,3.005,30,67,59.0,0.0159,64.5,10,9.0,0.0044,71.8,1,10.0,15.0,0.0105,69.1,1,10.0,35.0,0.0329,60.6,0,,,,,0,,,,,0,,,,,0,,,,,0,,,,,0
2026-01-06 03:50:00,421237,4,580,E,ML,1.513,30,67,58.0,0.0188,64.4,10,4.0,0.0026,71.8,1,10.0,17.0,0.0175,69.3,1,10.0,37.0,0.0364,61.3,0,,,,,0,,,,,0,,,,,0,,,,,0,,,,,0
2026-01-06 03:50:00,421238,4,580,E,ML,3.005,30,67,63.0,0.0159,64.5,10,4.0,0.0019,71.9,1,10.0,21.0,0.0122,69.5,1,10.0,38.0,0.0337,61.0,0,,,,,0,,,,,0,,,,,0,,,,,0,,,,,0
2026-01-06 03:55:00,421237,4,580,E,ML,1.513,30,67,59.0,0.0211,64.2,10,12.0,0.009,71.4,1,10.0,12.0,0.0178,67.5,1,10.0,35.0,0.0365,60.7,0,,,,,0,,,,,0,,,,,0,,,,,0,,,,,0
2026-01-06 03:55:00,421238,4,580,E,ML,3.005,30,67,53.0,0.0143,64.2,10,6.0,0.0029,71.9,1,10.0,12.0,0.0079,69.4,1,10.0,35.0,0.032,61.0,0,,,,,0,,,,,0,,,,,0,,,,,0,,,,,0
2026-01-06 04:00:00,421237,4,580,E,ML,1.513,30,67,66.0,0.023,63.3,10,12.0,0.0076,71.6,1,10.0,17.0,0.023,65.0,1,10.0,37.0,0.0385,59.8,0,,,,,0,,,,,0,,,,,0,,,,,0,,,,,0
2026-01-06 04:00:00,421238,4,580,E,ML,3.005,30,67,69.0,0.0174,65.3,10,14.0,0.0066,71.9,1,10.0,18.0,0.012,69.2,1,10.0,37.0,0.0336,60.9,0,,,,,0,,,,,0,,,,,0,,,,,0,,,,,0
2026-01-06 04:05:00,421237,4,580,E,ML,1.513,30,67,59.0,0.0192,63.6,10,8.0,0.0053,71.6,1,10.0,15.0,0.0153,67.3,1,10.0,36.0,0.037,60.2,0,,,,,0,,,,,0,,,,,0,,,,,0,,,,,0
2026-01-06 04:05:00,421238,4,580,E,ML,3.005,30,67,52.0,0.0163,63.1,10,5.0,0.0024,71.9,1,10.0,12.0,0.0115,68.1,1,10.0,35.0,0.0349,60.1,0,,,,,0,,,,,0,,,,,0,,,,,0,,,,,0
2026-01-06 04:10:00,421237,4,580,E,ML,1.513,29,67,74.0,0.0236,64.3,9,10.0,0.0058,71.8,1,10.0,23.0,0.0246,67.7,1,10.0,41.0,0.0405,60.6,0,,,,,0,,,,,0,,,,,0,,,,,0,,,,,0
2026-01-06 04:10:00,421238,4,580,E,ML,3.005,30,67,71.0,0.0182,64.9,10,12.0,0.0058,71.9,1,10.0,21.0,0.0133,68.6,1,10.0,38.0,0.0355,60.6,0,,,,,0,,,,,0,,,,,0,,,,,0,,,,,0
2026-01-06 04:15:00,421237,4,580,E,ML,1.513,30,67,79.0,0.0282,62.2,10,11.0,0.0075,71.6,1,10.0,26.0,0.0329,63.4,1,10.0,42.0,0.0443,58.9,0,,,,,0,,,,,0,,,,,0,,,,,0,,,,,0
2026-01-06 04:15:00,421238,4,580,E,ML,3.005,30,67,75.0,0.0195,64.9,10,12.0,0.0063,71.7,1,10.0,23.0,0.0153,68.5,1,10.0,40.0,0.0368,60.8,0,,,,,0,,,,,0,,,,,0,,,,,0,,,,,0
2026-01-06 04:20:00,421237,4,580,E,ML,1.513,30,67,75.0,0.0245,63.6,10,14.0,0.0108,71.1,1,10.0,21.0,0.0224,65.9,1,10.0,40.0,0.0404,59.8,0,,,,,0,,,,,0,,,,,0,,,,,0,,,,,0
2026-01-06 04:20:00,421238,4,580,E,ML,3.005,30,67,76.0,0.021,63.0,10,5.0,0.0023,71.8,1,10.0,30.0,0.0214,67.1,1,10.0,41.0,0.0394,59.0,0,,,,,0,,,,,0,,,,,0,,,,,0,,,,,0
2026-01-06 04:25:00,421237,4,580,E,ML,1.513,30,67,70.0,0.0226,64.1,10,16.0,0.0101,71.4,1,10.0,17.0,0.0202,66.2,1,10.0,37.0,0.0376,60.0,0,,,,,0,,,,,0,,,,,0,,,,,0,,,,,0
2026-01-06 04:25:00,421238,4,580,E,ML,3.005,30,67,68.0,0.0173,64.1,10,10.0,0.0048,71.8,1,10.0,20.0,0.013,68.0,1,10.0,38.0,0.0342,60.0,0,,,,,0,,,,,0,,,,,0,,,,,0,,,,,0
2026-01-06 04:30:00,421237,4,580,E,ML,1.513,30,67,70.0,0.0241,62.9,10,11.0,0.0072,71.5,1,10.0,20.0,0.0252,64.5,1,10.0,39.0,0.0398,59.6,0,,,,,0,,,,,0,,,,,0,,,,,0,,,,,0
2026-01-06 04:30:00,421238,4,580,E,ML,3.005,30,67,77.0,0.0188,65.1,10,14.0,0.007,71.8,1,10.0,23.0,0.0144,68.6,1,10.0,40.0,0.035,60.7,0,,,,,0,,,,,0,,,,,0,,,,,0,,,,,0
2026-01-06 04:35:00,421237,4,580,E,ML,1.513,30,67,92.0,0.0289,64.4,10,18.0,0.0109,71.7,1,10.0,30.0,0.0313,66.5,1,10.0,44.0,0.0444,60.0,0,,,,,0,,,,,0,,,,,0,,,,,0,,,,,0
2026-01-06 04:35:00,421238,4,580,E,ML,3.005,30,67,78.0,0.02,64.3,10,12.0,0.0056,71.9,1,10.0,25.0,0.0165,68.5,1,10.0,41.0,0.038,59.6,0,,,,,0,,,,,0,,,,,0,,,,,0,,,,,0
2026-01-06 04:40:00,421237,4,580,E,ML,1.513,30,67,99.0,0.0289,66.6,10,25.0,0.016,71.5,1,10.0,30.0,0.0281,70.0,1,10.0,44.0,0.0427,61.4,0,,,,,0,,,,,0,,,,,0,,,,,0,,,,,0
2026-01-06 04:40:00,421238,4,580,E,ML,3.005,30,67,100.0,0.0231,66.0,10,24.0,0.0115,71.9,1,10.0,31.0,0.0192,68.8,1,10.0,45.0,0.0386,61.0,0,,,,,0,,,,,0,,,,,0,,,,,0,,,,,0
2026-01-06 04:45:00,421237,4,580,E,ML,1.513,30,67,90.0,0.0247,67.5,10,22.0,0.0142,71.4,1,10.0,25.0,0.0203,72.7,1,10.0,43.0,0.0397,62.5,0,,,,,0,,,,,0,,,,,0,,,,,0,,,,,0
2026-01-06 04:45:00,421238,4,580,E,ML,3.005,30,67,96.0,0.0231,66.1,10,23.0,0.0131,71.1,1,10.0,30.0,0.0179,69.3,1,10.0,43.0,0.0382,61.2,0,,,,,0,,,,,0,,,,,0,,,,,0,,,,,0
2026-01-06 04:50:00,421237,4,580,E,ML,1.513,30,67,88.0,0.0274,66.1,10,22.0,0.0136,71.6,1,10.0,24.0,0.0268,69.4,1,10.0,42.0,0.0418,61.4,0,,,,,0,,,,,0,,,,,0,,,,,0,,,,,0
2026-01-06 04:50:00,421238,4,580,E,ML,3.005,30,67,89.0,0.0229,65.0,10,17.0,0.0079,71.6,1,10.0,30.0,0.0216,67.3,1,10.0,42.0,0.0392,60.6,0,,,,,0,,,,,0,,,,,0,,,,,0,,,,,0
2026-01-06 04:55:00,421237,4,580,E,ML,1.513,30,67,104.0,0.0293,69.0,10,22.0,0.014,71.5,1,10.0,36.0,0.0301,74.8,1,10.0,46.0,0.0438,63.2,0,,,,,0,,,,,0,,,,,0,,,,,0,,,,,0
2026-01-06 04:55:00,421238,4,580,E,ML,3.005,30,67,83.0,0.0196,65.2,10,13.0,0.0061,71.8,1,10.0,27.0,0.0153,68.8,1,10.0,43.0,0.0374,61.0,0,,,,,0,,,,,0,,,,,0,,,,,0,,,,,0
2026-01-06 05:00:00,421237,4,580,E,ML,1.513,30,67,102.0,0.0332,63.9,10,21.0,0.0125,71.8,1,10.0,33.0,0.0377,65.6,1,10.0,48.0,0.0493,59.2,0,,,,,0,,,,,0,,,,,0,,,,,0,,,,,0
2026-01-06 05:00:00,421238,4,580,E,ML,3.005,30,67,101.0,0.0243,65.9,10,25.0,0.0125,71.7,1,10.0,31.0,0.0189,69.1,1,10.0,45.0,0.0414,60.5,0,,,,,0,,,,,0,,,,,0,,,,,0,,,,,0
2026-01-06 05:05:00,421237,4,580,E,ML,1.513,30,67,107.0,0.0351,61.7,10,21.0,0.0132,71.7,1,10.0,38.0,0.0424,61.2,1,10.0,48.0,0.0498,57.7,0,,,,,0,,,,,0,,,,,0,,,,,0,,,,,0
2026-01-06 05:05:00,421238,4,580,E,ML,3.005,30,67,114.0,0.0279,65.4,10,30.0,0.0141,71.9,1,10.0,39.0,0.0266,67.0,1,10.0,45.0,0.043,59.6,0,,,,,0,,,,,0,,,,,0,,,,,0,,,,,0
2026-01-06 05:10:00,421237,4,580,E,ML,1.513,30,67,116.0,0.034,63.2,10,26.0,0.0164,71.6,1,10.0,39.0,0.0375,63.3,1,10.0,51.0,0.0481,58.9,0,,,,,0,,,,,0,,,,,0,,,,,0,,,,,0
2026-01-06 05:10:00,421238,4,580,E,ML,3.005,30,67,111.0,0.0256,65.6,10,33.0,0.0158,71.9,1,10.0,32.0,0.0202,67.8,1,10.0,46.0,0.0408,59.7,0,,,,,0,,,,,0,,,,,0,,,,,0,,,,,0
2026-01-06 05:15:00,421237,4,580,E,ML,1.513,30,67,113.0,0.0305,66.3,10,21.0,0.012,72.0,1,10.0,41.0,0.0331,69.5,1,10.0,51.0,0.0464,61.4,0,,,,,0,,,,,0,,,,,0,,,,,0,,,,,0
2026-01-06 05:15:00,421238,4,580,E,ML,3.005,30,67,106.0,0.0238,65.7,10,24.0,0.0108,72.1,1,10.0,34.0,0.0199,69.0,1,10.0,48.0,0.0407,60.2,0,,,,,0,,,,,0,,,,,0,,,,,0,,,,,0
2026-01-06 05:20:00,421237,4,580,E,ML,1.513,30,67,107.0,0.0318,65.2,10,28.0,0.0177,71.7,1,10.0,32.0,0.0319,66.9,1,10.0,47.0,0.0458,60.2,0,,,,,0,,,,,0,,,,,0,,,,,0,,,,,0
2026-01-06 05:20:00,421238,4,580,E,ML,3.005,29,67,120.0,0.0269,66.7,9,36.0,0.017,72.1,1,10.0,37.0,0.0222,69.3,1,10.0,47.0,0.0415,60.5,0,,,,,0,,,,,0,,,,,0,,,,,0,,,,,0
2026-01-06 05:25:00,421237,4,580,E,ML,1.513,30,67,118.0,0.0335,65.5,10,34.0,0.0217,71.2,1,10.0,35.0,0.0328,67.1,1,10.0,49.0,0.0459,60.5,0,,,,,0,,,,,0,,,,,0,,,,,0,,,,,0
2026-01-06 05:25:00,421238,4,580,E,ML,3.005,30,67,109.0,0.0244,66.4,10,27.0,0.013,72.0,1,10.0,34.0,0.0199,69.7,1,10.0,48.0,0.0403,60.9,0,,,,,0,,,,,0,,,,,0,,,,,0,,,,,0
2026-01-06 05:30:00,421237,4,580,E,ML,1.513,30,67,113.0,0.034,64.2,10,38.0,0.0231,71.7,1,10.0,29.0,0.0324,63.1,1,10.0,46.0,0.0464,58.7,0,,,,,0,,,,,0,,,,,0,,,,,0,,,,,0
2026-01-06 05:30:00,421238,4,580,E,ML,3.005,29,67,129.0,0.0293,66.9,10,39.0,0.0186,72.0,1,9.0,42.0,0.0259,69.1,1,10.0,48.0,0.0433,60.9,0,,,,,0,,,,,0,,,,,0,,,,,0,,,,,0
2026-01-06 05:35:00,421237,4,580,E,ML,1.513,30,67,118.0,0.0327,65.7,10,30.0,0.0186,71.7,1,10.0,39.0,0.0332,67.8,1,10.0,49.0,0.0463,60.3,0,,,,,0,,,,,0,,,,,0,,,,,0,,,,,0
2026-01-06 05:35:00,421238,4,580,E,ML,3.005,30,67,106.0,0.0251,65.8,10,27.0,0.0133,71.8,1,10.0,32.0,0.0209,68.4,1,10.0,47.0,0.041,60.5,0,,,,,0,,,,,0,,,,,0,,,,,0,,,,,0
2026-01-06 05:40:00,421237,4,580,E,ML,1.513,30,67,143.0,0.0381,67.2,10,49.0,0.0305,71.4,1,10.0,41.0,0.0349,70.2,1,10.0,53.0,0.0488,61.1,0,,,,,0,,,,,0,,,,,0,,,,,0,,,,,0
2026-01-06 05:40:00,421238,4,580,E,ML,3.005,30,67,134.0,0.0305,66.4,10,42.0,0.0205,71.6,1,10.0,42.0,0.0262,68.3,1,10.0,50.0,0.0449,60.4,0,,,,,0,,,,,0,,,,,0,,,,,0,,,,,0
2026-01-06 05:45:00,421237,4,580,E,ML,1.513,30,67,131.0,0.0346,68.6,10,34.0,0.0206,71.8,1,10.0,44.0,0.0346,73.9,1,10.0,53.0,0.0487,62.2,0,,,,,0,,,,,0,,,,,0,,,,,0,,,,,0
2026-01-06 05:45:00,421238,4,580,E,ML,3.005,30,67,137.0,0.0307,66.1,10,45.0,0.0221,71.4,1,10.0,40.0,0.0255,67.9,1,10.0,52.0,0.0446,60.0,0,,,,,0,,,,,0,,,,,0,,,,,0,,,,,0
2026-01-06 05:50:00,421237,4,580,E,ML,1.513,30,67,111.0,0.0319,66.8,10,37.0,0.0233,71.4,1,10.0,29.0,0.0285,69.8,1,10.0,45.0,0.0438,61.0,0,,,,,0,,,,,0,,,,,0,,,,,0,,,,,0
2026-01-06 05:50:00,421238,4,580,E,ML,3.005,30,67,115.0,0.026,66.4,10,33.0,0.0163,71.4,1,10.0,36.0,0.0212,69.0,1,10.0,46.0,0.0404,60.7,0,,,,,0,,,,,0,,,,,0,,,,,0,,,,,0
2026-01-06 05:55:00,421237,4,580,E,ML,1.513,30,67,125.0,0.0349,66.9,10,31.0,0.0189,71.7,1,10.0,42.0,0.0368,70.4,1,10.0,52.0,0.049,61.1,0,,,,,0,,,,,0,,,,,0,,,,,0,,,,,0
2026-01-06 05:55:00,421238,4,580,E,ML,3.005,30,67,115.0,0.0276,65.9,10,35.0,0.0174,71.4,1,10.0,34.0,0.0225,68.0,1,10.0,46.0,0.0429,60.2,0,,,,,0,,,,,0,,,,,0,,,,,0,,,,,0
2026-01-06 06:00:00,421237,4,580,E,ML,1.513,30,67,143.0,0.0392,67.5,10,47.0,0.0286,72.7,1,10.0,43.0,0.039,69.5,1,10.0,53.0,0.0499,61.1,0,,,,,0,,,,,0,,,,,0,,,,,0,,,,,0
2026-01-06 06:00:00,421238,4,580,E,ML,3.005,30,67,132.0,0.0301,67.1,10,39.0,0.0189,72.0,1,10.0,43.0,0.0267,69.6,1,10.0,50.0,0.0446,61.2,0,,,,,0,,,,,0,,,,,0,,,,,0,,,,,0
2026-01-06 06:05:00,421237,4,580,E,ML,1.513,30,67,147.0,0.0433,65.5,10,48.0,0.0325,70.5,1,10.0,46.0,0.0451,66.6,1,10.0,53.0,0.0524,60.0,0,,,,,0,,,,,0,,,,,0,,,,,0,,,,,0
2026-01-06 06:05:00,421238,4,580,E,ML,3.005,30,67,128.0,0.0295,67.2,10,41.0,0.0214,71.4,1,10.0,38.0,0.0235,70.3,1,10.0,49.0,0.0435,61.3,0,,,,,0,,,,,0,,,,,0,,,,,0,,,,,0
2026-01-06 06:10:00,421237,4,580,E,ML,1.513,30,67,159.0,0.0462,64.7,10,47.0,0.0317,69.5,1,10.0,53.0,0.0502,66.1,1,10.0,59.0,0.0566,59.7,0,,,,,0,,,,,0,,,,,0,,,,,0,,,,,0
2026-01-06 06:10:00,421238,4,580,E,ML,3.005,30,67,138.0,0.0329,66.3,10,39.0,0.0193,71.8,1,10.0,45.0,0.0308,68.5,1,10.0,54.0,0.0486,60.6,0,,,,,0,,,,,0,,,,,0,,,,,0,,,,,0
2026-01-06 06:15:00,421237,4,580,E,ML,1.513,30,67,151.0,0.0436,64.8,10,39.0,0.0255,70.1,1,10.0,53.0,0.0489,66.8,1,10.0,59.0,0.0564,59.6,0,,,,,0,,,,,0,,,,,0,,,,,0,,,,,0
2026-01-06 06:15:00,421238,4,580,E,ML,3.005,30,67,171.0,0.0392,66.1,10,55.0,0.0282,71.3,1,10.0,56.0,0.0378,67.7,1,10.0,60.0,0.0517,59.9,0,,,,,0,,,,,0,,,,,0,,,,,0,,,,,0
2026-01-06 06:20:00,421237,4,580,E,ML,1.513,30,67,138.0,0.0386,65.5,10,45.0,0.0286,70.9,1,10.0,39.0,0.0363,67.0,1,10.0,54.0,0.051,59.8,0,,,,,0,,,,,0,,,,,0,,,,,0,,,,,0
2026-01-06 06:20:00,421238,4,580,E,ML,3.005,30,67,139.0,0.0332,65.6,10,45.0,0.0224,71.7,1,10.0,42.0,0.0294,66.8,1,10.0,52.0,0.0479,59.4,0,,,,,0,,,,,0,,,,,0,,,,,0,,,,,0
2026-01-06 06:25:00,421237,4,580,E,ML,1.513,30,67,172.0,0.0495,64.8,10,65.0,0.0457,67.9,1,10.0,51.0,0.0481,66.5,1,10.0,56.0,0.0547,59.6,0,,,,,0,,,,,0,,,,,0,,,,,0,,,,,0
2026-01-06 06:25:00,421238,4,580,E,ML,3.005,30,67,149.0,0.0347,65.9,10,52.0,0.0264,71.5,1,10.0,45.0,0.0305,67.0,1,10.0,52.0,0.0473,59.3,0,,,,,0,,,,,0,,,,,0,,,,,0,,,,,0
2026-01-06 06:30:00,421237,4,580,E,ML,1.513,30,67,165.0,0.0472,65.0,10,47.0,0.032,68.0,1,10.0,58.0,0.0524,67.6,1,10.0,60.0,0.0573,60.1,0,,,,,0,,,,,0,,,,,0,,,,,0,,,,,0
2026-01-06 06:30:00,421238,4,580,E,ML,3.005,30,67,167.0,0.0377,66.3,10,62.0,0.0316,71.2,1,10.0,49.0,0.0325,67.5,1,10.0,56.0,0.0491,59.7,0,,,,,0,,,,,0,,,,,0,,,,,0,,,,,0
2026-01-06 06:35:00,421237,4,580,E,ML,1.513,30,67,180.0,0.0541,63.3,10,60.0,0.0414,67.2,1,10.0,58.0,0.0592,64.3,1,10.0,62.0,0.0617,58.6,0,,,,,0,,,,,0,,,,,0,,,,,0,,,,,0
2026-01-06 06:35:00,421238,4,580,E,ML,3.005,30,67,177.0,0.0413,65.8,10,54.0,0.0273,71.3,1,10.0,63.0,0.0428,66.9,1,10.0,60.0,0.0538,59.6,0,,,,,0,,,,,0,,,,,0,,,,,0,,,,,0
2026-01-06 06:40:00,421237,4,580,E,ML,1.513,30,67,134.0,0.0357,66.0,10,45.0,0.03,68.3,1,10.0,38.0,0.0301,70.0,1,10.0,51.0,0.0471,60.9,0,,,,,0,,,,,0,,,,,0,,,,,0,,,,,0
2026-01-06 06:40:00,421238,4,580,E,ML,3.005,30,67,157.0,0.0351,66.7,10,51.0,0.0269,70.5,1,10.0,51.0,0.0312,69.6,1,10.0,55.0,0.0471,60.4,0,,,,,0,,,,,0,,,,,0,,,,,0,,,,,0
2026-01-06 06:45:00,421237,4,580,E,ML,1.513,30,67,172.0,0.0472,66.3,10,62.0,0.0431,67.0,1,10.0,51.0,0.0434,71.4,1,10.0,59.0,0.055,61.1,0,,,,,0,,,,,0,,,,,0,,,,,0,,,,,0
2026-01-06 06:45:00,421238,4,580,E,ML,3.005,30,67,154.0,0.0359,66.7,10,55.0,0.0281,70.7,1,10.0,47.0,0.0309,69.1,1,10.0,52.0,0.0488,60.3,0,,,,,0,,,,,0,,,,,0,,,,,0,,,,,0
2026-01-06 06:50:00,421237,4,580,E,ML,1.513,30,67,157.0,0.0443,66.1,10,48.0,0.0304,69.4,1,10.0,51.0,0.0471,69.4,1,10.0,58.0,0.0555,60.4,0,,,,,0,,,,,0,,,,,0,,,,,0,,,,,0
2026-01-06 06:50:00,421238,4,580,E,ML,3.005,30,67,154.0,0.0353,66.5,10,55.0,0.0282,70.7,1,10.0,45.0,0.0295,69.0,1,10.0,54.0,0.0482,60.3,0,,,,,0,,,,,0,,,,,0,,,,,0,,,,,0
2026-01-06 06:55:00,421237,4,580,E,ML,1.513,30,67,185.0,0.0527,65.3,10,65.0,0.0466,66.6,1,10.0,59.0,0.0538,68.8,1,10.0,61.0,0.0578,60.5,0,,,,,0,,,,,0,,,,,0,,,,,0,,,,,0
2026-01-06 06:55:00,421238,4,580,E,ML,3.005,30,67,173.0,0.0402,66.0,10,58.0,0.0296,70.8,1,10.0,57.0,0.0393,67.2,1,10.0,58.0,0.0517,59.9,0,,,,,0,,,,,0,,,,,0,,,,,0,,,,,0
2026-01-06 07:00:00,421237,4,580,E,ML,1.513,30,67,176.0,0.0556,62.0,10,60.0,0.0422,66.4,1,10.0,55.0,0.0624,61.7,1,10.0,61.0,0.0622,58.0,0,,,,,0,,,,,0,,,,,0,,,,,0,,,,,0
2026-01-06 07:00:00,421238,4,580,E,ML,3.005,30,67,165.0,0.0374,66.5,10,54.0,0.0277,70.8,1,10.0,53.0,0.0339,68.8,1,10.0,58.0,0.0506,60.3,0,,,,,0,,,,,0,,,,,0,,,,,0,,,,,0
2026-01-06 07:05:00,421237,4,580,E,ML,1.513,30,67,174.0,0.048,64.3,10,58.0,0.0387,68.0,1,10.0,55.0,0.0484,66.0,1,10.0,61.0,0.0568,59.4,0,,,,,0,,,,,0,,,,,0,,,,,0,,,,,0
2026-01-06 07:05:00,421238,4,580,E,ML,3.005,30,67,165.0,0.0384,65.8,10,59.0,0.0309,70.2,1,10.0,49.0,0.0336,67.7,1,10.0,57.0,0.0506,59.6,0,,,,,0,,,,,0,,,,,0,,,,,0,,,,,0
2026-01-06 07:10:00,421237,4,580,E,ML,1.513,30,67,177.0,0.0479,66.6,10,52.0,0.0356,68.1,1,10.0,62.0,0.051,70.6,1,10.0,63.0,0.0571,61.5,0,,,,,0,,,,,0,,,,,0,,,,,0,,,,,0
2026-01-06 07:10:00,421238,4,580,E,ML,3.005,30,67,189.0,0.0441,65.6,10,65.0,0.0351,68.8,1,10.0,65.0,0.0435,67.6,1,10.0,59.0,0.0536,59.9,0,,,,,0,,,,,0,,,,,0,,,,,0,,,,,0
2026-01-06 07:15:00,421237,4,580,E,ML,1.513,30,67,190.0,0.0553,64.4,10,71.0,0.0497,67.1,1,10.0,55.0,0.054,66.9,1,10.0,64.0,0.0621,59.1,0,,,,,0,,,,,0,,,,,0,,,,,0,,,,,0
2026-01-06 07:15:00,421238,4,580,E,ML,3.005,30,67,187.0,0.0451,64.4,10,64.0,0.034,68.6,1,10.0,61.0,0.0441,65.1,1,10.0,62.0,0.0572,59.3,0,,,,,0,,,,,0,,,,,0,,,,,0,,,,,0
2026-01-06 07:20:00,421237,4,580,E,ML,1.513,30,67,163.0,0.0447,65.7,10,60.0,0.0391,69.1,1,10.0,47.0,0.0427,67.6,1,10.0,56.0,0.0524,60.5,0,,,,,0,,,,,0,,,,,0,,,,,0,,,,,0
2026-01-06 07:20:00,421238,4,580,E,ML,3.005,30,67,169.0,0.0366,66.6,10,54.0,0.0272,70.1,1,10.0,56.0,0.0341,69.2,1,10.0,59.0,0.0486,60.9,0,,,,,0,,,,,0,,,,,0,,,,,0,,,,,0
2026-01-06 07:25:00,421237,4,580,E,ML,1.513,30,67,202.0,0.0586,64.5,10,70.0,0.0509,66.4,1,10.0,67.0,0.0621,67.2,1,10.0,65.0,0.0627,59.7,0,,,,,0,,,,,0,,,,,0,,,,,0,,,,,0
2026-01-06 07:25:00,421238,4,580,E,ML,3.005,30,67,172.0,0.0416,64.8,10,65.0,0.0357,68.3,1,10.0,51.0,0.0367,66.4,1,10.0,56.0,0.0524,59.2,0,,,,,0,,,,,0,,,,,0,,,,,0,,,,,0
2026-01-06 07:30:00,421237,4,580,E,ML,1.513,30,67,190.0,0.0542,64.4,10,61.0,0.0438,65.6,1,10.0,63.0,0.0571,67.8,1,10.0,66.0,0.0618,60.0,0,,,,,0,,,,,0,,,,,0,,,,,0,,,,,0
2026-01-06 07:30:00,421238,4,580,E,ML,3.005,30,67,196.0,0.0466,63.9,10,69.0,0.0366,68.3,1,10.0,63.0,0.0461,64.1,1,10.0,64.0,0.0572,58.9,0,,,,,0,,,,,0,,,,,0,,,,,0,,,,,0
2026-01-06 07:35:00,421237,4,580,E,ML,1.513,30,67,161.0,0.0444,65.4,10,57.0,0.0389,66.9,1,10.0,47.0,0.0412,69.2,1,10.0,57.0,0.0531,60.7,0,,,,,0,,,,,0,,,,,0,,,,,0,,,,,0
2026-01-06 07:35:00,421238,4,580,E,ML,3.005,30,67,174.0,0.0619,53.6,10,58.0,0.063,50.7,1,10.0,59.0,0.0687,51.4,1,10.0,57.0,0.0539,58.9,0,,,,,0,,,,,0,,,,,0,,,,,0,,,,,0
2026-01-06 07:40:00,421237,4,580,E,ML,1.513,30,67,174.0,0.0511,64.5,10,53.0,0.0354,68.3,1,10.0,59.0,0.0578,66.2,1,10.0,62.0,0.0601,59.7,0,,,,,0,,,,,0,,,,,0,,,,,0,,,,,0
2026-01-06 07:40:00,421238,4,580,E,ML,3.005,30,67,174.0,0.038,60.8,10,59.0,0.0282,62.3,1,10.0,55.0,0.035,61.0,1,10.0,60.0,0.0507,59.0,0,,,,,0,,,,,0,,,,,0,,,,,0,,,,,0
2026-01-06 07:45:00,421237,4,580,E,ML,1.513,30,67,180.0,0.0509,65.0,10,60.0,0.0389,69.9,1,10.0,57.0,0.0551,65.1,1,10.0,63.0,0.0588,60.4,0,,,,,0,,,,,0,,,,,0,,,,,0,,,,,0
2026-01-06 07:45:00,421238,4,580,E,ML,3.005,30,67,171.0,0.0384,63.8,10,56.0,0.0267,68.1,1,10.0,56.0,0.0372,64.5,1,10.0,59.0,0.0514,59.1,0,,,,,0,,,,,0,,,,,0,,,,,0,,,,,0
2026-01-06 07:50:00,421237,4,580,E,ML,1.513,30,67,196.0,0.0566,64.8,10,67.0,0.0427,71.2,1,10.0,63.0,0.0631,63.5,1,10.0,66.0,0.0639,59.4,0,,,,,0,,,,,0,,,,,0,,,,,0,,,,,0
2026-01-06 07:50:00,421238,4,580,E,ML,3.005,30,67,193.0,0.0433,65.7,10,67.0,0.0341,69.5,1,10.0,64.0,0.041,67.4,1,10.0,62.0,0.0549,59.8,0,,,,,0,,,,,0,,,,,0,,,,,0,,,,,0
2026-01-06 07:55:00,421237,4,580,E,ML,1.513,30,67,169.0,0.0464,66.0,10,56.0,0.0359,71.7,1,10.0,53.0,0.0479,66.0,1,10.0,60.0,0.0554,60.7,0,,,,,0,,,,,0,,,,,0,,,,,0,,,,,0
2026-01-06 07:55:00,421238,4,580,E,ML,3.005,30,67,180.0,0.0397,66.1,10,61.0,0.031,70.3,1,10.0,58.0,0.0374,68.6,1,10.0,61.0,0.0508,59.5,0,,,,,0,,,,,0,,,,,0,,,,,0,,,,,0
2026-01-06 08:00:00,421237,4,580,E,ML,1.513,30,67,125.0,0.0356,65.9,10,36.0,0.0245,70.9,1,10.0,39.0,0.0351,67.5,1,10.0,50.0,0.0473,61.1,0,,,,,0,,,,,0,,,,,0,,,,,0,,,,,0
2026-01-06 08:00:00,421238,4,580,E,ML,3.005,30,67,100.0,0.0232,66.4,10,29.0,0.0143,71.2,1,10.0,27.0,0.0161,69.8,1,10.0,44.0,0.0393,61.1,0,,,,,0,,,,,0,,,,,0,,,,,0,,,,,0
2026-01-06 08:05:00,421237,4,580,E,ML,1.513,30,67,27.0,0.009,61.1,10,0.0,0.0,70.9,1,10.0,0.0,0.0,67.5,1,10.0,27.0,0.0271,61.1,0,,,,,0,,,,,0,,,,,0,,,,,0,,,,,0
2026-01-06 08:05:00,421238,4,580,E,ML,3.005,30,67,27.0,0.0088,61.1,10,0.0,0.0,71.2,1,10.0,0.0,0.0,69.8,1,10.0,27.0,0.0264,61.1,0,,,,,0,,,,,0,,,,,0,,,,,0,,,,,0
2026-01-06 08:10:00,421237,4,580,E,ML,1.513,30,67,27.0,0.009,61.1,10,0.0,0.0,70.9,1,10.0,0.0,0.0,67.5,1,10.0,27.0,0.0271,61.1,0,,,,,0,,,,,0,,,,,0,,,,,0,,,,,0
2026-01-06 08:10:00,421238,4,580,E,ML,3.005,30,67,27.0,0.0088,61.1,10,0.0,0.0,71.2,1,10.0,0.0,0.0,69.8,1,10.0,27.0,0.0264,61.1,0,,,,,0,,,,,0,,,,,0,,,,,0,,,,,0
2026-01-06 08:15:00,421237,4,580,E,ML,1.513,30,67,27.0,0.009,61.1,10,0.0,0.0,70.9,1,10.0,0.0,0.0,67.5,1,10.0,27.0,0.0271,61.1,0,,,,,0,,,,,0,,,,,0,,,,,0,,,,,0
2026-01-06 08:15:00,421238,4,580,E,ML,3.005,30,67,27.0,0.0088,61.1,10,0.0,0.0,71.2,1,10.0,0.0,0.0,69.8,1,10.0,27.0,0.0264,61.1,0,,,,,0,,,,,0,,,,,0,,,,,0,,,,,0
2026-01-06 08:20:00,421237,4,580,E,ML,1.513,30,67,27.0,0.009,61.1,10,0.0,0.0,70.9,1,10.0,0.0,0.0,67.5,1,10.0,27.0,0.0271,61.1,0,,,,,0,,,,,0,,,,,0,,,,,0,,,,,0
2026-01-06 08:20:00,421238,4,580,E,ML,3.005,30,67,27.0,0.0088,61.1,10,0.0,0.0,71.2,1,10.0,0.0,0.0,69.8,1,10.0,27.0,0.0264,61.1,0,,,,,0,,,,,0,,,,,0,,,,,0,,,,,0
2026-01-06 08:25:00,421237,4,580,E,ML,1.513,30,67,27.0,0.009,61.1,10,0.0,0.0,70.9,1,10.0,0.0,0.0,67.5,1,10.0,27.0,0.0271,61.1,0,,,,,0,,,,,0,,,,,0,,,,,0,,,,,0
2026-01-06 08:25:00,421238,4,580,E,ML,3.005,30,67,27.0,0.0088,61.1,10,0.0,0.0,71.2,1,10.0,0.0,0.0,69.8,1,10.0,27.0,0.0264,61.1,0,,,,,0,,,,,0,,,,,0,,,,,0,,,,,0
2026-01-06 08:30:00,421237,4,580,E,ML,1.513,30,67,27.0,0.009,61.1,10,0.0,0.0,70.9,1,10.0,0.0,0.0,67.5,1,10.0,27.0,0.0271,61.1,0,,,,,0,,,,,0,,,,,0,,,,,0,,,,,0
2026-01-06 08:30:00,421238,4,580,E,ML,3.005,30,67,27.0,0.0088,61.1,10,0.0,0.0,71.2,1,10.0,0.0,0.0,69.8,1,10.0,27.0,0.0264,61.1,0,,,,,0,,,,,0,,,,,0,,,,,0,,,,,0
2026-01-06 08:35:00,421237,4,580,E,ML,1.513,30,67,27.0,0.009,61.1,10,0.0,0.0,70.9,1,10.0,0.0,0.0,67.5,1,10.0,27.0,0.0271,61.1,0,,,,,0,,,,,0,,,,,0,,,,,0,,,,,0
2026-01-06 08:35:00,421238,4,580,E,ML,3.005,30,67,27.0,0.0088,61.1,10,0.0,0.0,71.2,1,10.0,0.0,0.0,69.8,1,10.0,27.0,0.0264,61.1,0,,,,,0,,,,,0,,,,,0,,,,,0,,,,,0
2026-01-06 08:40:00,421237,4,580,E,ML,1.513,30,67,27.0,0.009,61.1,10,0.0,0.0,70.9,1,10.0,0.0,0.0,67.5,1,10.0,27.0,0.0271,61.1,0,,,,,0,,,,,0,,,,,0,,,,,0,,,,,0
2026-01-06 08:40:00,421238,4,580,E,ML,3.005,30,67,27.0,0.0088,61.1,10,0.0,0.0,71.2,1,10.0,0.0,0.0,69.8,1,10.0,27.0,0.0264,61.1,0,,,,,0,,,,,0,,,,,0,,,,,0,,,,,0
2026-01-06 08:45:00,421237,4,580,E,ML,1.513,30,67,27.0,0.009,61.1,10,0.0,0.0,70.9,1,10.0,0.0,0.0,67.5,1,10.0,27.0,0.0271,61.1,0,,,,,0,,,,,0,,,,,0,,,,,0,,,,,0
2026-01-06 08:45:00,421238,4,580,E,ML,3.005,30,67,27.0,0.0088,61.1,10,0.0,0.0,71.2,1,10.0,0.0,0.0,69.8,1,10.0,27.0,0.0264,61.1,0,,,,,0,,,,,0,,,,,0,,,,,0,,,,,0
2026-01-06 08:50:00,421237,4,580,E,ML,1.513,30,67,27.0,0.009,61.1,10,0.0,0.0,70.9,1,10.0,0.0,0.0,67.5,1,10.0,27.0,0.0271,61.1,0,,,,,0,,,,,0,,,,,0,,,,,0,,,,,0
2026-01-06 08:50:00,421238,4,580,E,ML,3.005,30,67,27.0,0.0088,61.1,10,0.0,0.0,71.2,1,10.0,0.0,0.0,69.8,1,10.0,27.0,0.0264,61.1,0,,,,,0,,,,,0,,,,,0,,,,,0,,,,,0
2026-01-06 08:55:00,421237,4,580,E,ML,1.513,30,67,27.0,0.009,61.1,10,0.0,0.0,70.9,1,10.0,0.0,0.0,67.5,1,10.0,27.0,0.0271,61.1,0,,,,,0,,,,,0,,,,,0,,,,,0,,,,,0
2026-01-06 08:55:00,421238,4,580,E,ML,3.005,30,67,27.0,0.0088,61.1,10,0.0,0.0,71.2,1,10.0,0.0,0.0,69.8,1,10.0,27.0,0.0264,61.1,0,,,,,0,,,,,0,,,,,0,,,,,0,,,,,0
2026-01-06 09:00:00,421237,4,580,E,ML,1.513,30,67,27.0,0.009,61.1,10,0.0,0.0,70.9,1,10.0,0.0,0.0,67.5,1,10.0,27.0,0.0271,61.1,0,,,,,0,,,,,0,,,,,0,,,,,0,,,,,0
2026-01-06 09:00:00,421238,4,580,E,ML,3.005,30,67,27.0,0.0088,61.1,10,0.0,0.0,71.2,1,10.0,0.0,0.0,69.8,1,10.0,27.0,0.0264,61.1,0,,,,,0,,,,,0,,,,,0,,,,,0,,,,,0
2026-01-06 09:05:00,421237,4,580,E,ML,1.513,30,67,27.0,0.009,61.1,10,0.0,0.0,70.9,1,10.0,0.0,0.0,67.5,1,10.0,27.0,0.0271,61.1,0,,,,,0,,,,,0,,,,,0,,,,,0,,,,,0
2026-01-06 09:05:00,421238,4,580,E,ML,3.005,30,67,27.0,0.0088,61.1,10,0.0,0.0,71.2,1,10.0,0.0,0.0,69.8,1,10.0,27.0,0.0264,61.1,0,,,,,0,,,,,0,,,,,0,,,,,0,,,,,0
2026-01-06 09:10:00,421237,4,580,E,ML,1.513,30,67,27.0,0.009,61.1,10,0.0,0.0,70.9,1,10.0,0.0,0.0,67.5,1,10.0,27.0,0.0271,61.1,0,,,,,0,,,,,0,,,,,0,,,,,0,,,,,0
2026-01-06 09:10:00,421238,4,580,E,ML,3.005,30,67,27.0,0.0088,61.1,10,0.0,0.0,71.2,1,10.0,0.0,0.0,69.8,1,10.0,27.0,0.0264,61.1,0,,,,,0,,,,,0,,,,,0,,,,,0,,,,,0
2026-01-06 09:15:00,421237,4,580,E,ML,1.513,30,67,27.0,0.009,61.1,10,0.0,0.0,70.9,1,10.0,0.0,0.0,67.5,1,10.0,27.0,0.0271,61.1,0,,,,,0,,,,,0,,,,,0,,,,,0,,,,,0
2026-01-06 09:15:00,421238,4,580,E,ML,3.005,30,67,27.0,0.0088,61.1,10,0.0,0.0,71.2,1,10.0,0.0,0.0,69.8,1,10.0,27.0,0.0264,61.1,0,,,,,0,,,,,0,,,,,0,,,,,0,,,,,0
2026-01-06 09:20:00,421237,4,580,E,ML,1.513,30,67,27.0,0.009,61.1,10,0.0,0.0,70.9,1,10.0,0.0,0.0,67.5,1,10.0,27.0,0.0271,61.1,0,,,,,0,,,,,0,,,,,0,,,,,0,,,,,0
2026-01-06 09:20:00,421238,4,580,E,ML,3.005,30,67,27.0,0.0088,61.1,10,0.0,0.0,71.2,1,10.0,0.0,0.0,69.8,1,10.0,27.0,0.0264,61.1,0,,,,,0,,,,,0,,,,,0,,,,,0,,,,,0
2026-01-06 09:25:00,421237,4,580,E,ML,1.513,30,67,27.0,0.009,61.1,10,0.0,0.0,70.9,1,10.0,0.0,0.0,67.5,1,10.0,27.0,0.0271,61.1,0,,,,,0,,,,,0,,,,,0,,,,,0,,,,,0
2026-01-06 09:25:00,421238,4,580,E,ML,3.005,30,67,27.0,0.0088,61.1,10,0.0,0.0,71.2,1,10.0,0.0,0.0,69.8,1,10.0,27.0,0.0264,61.1,0,,,,,0,,,,,0,,,,,0,,,,,0,,,,,0
2026-01-06 09:30:00,421237,4,580,E,ML,1.513,30,67,27.0,0.009,61.1,10,0.0,0.0,70.9,1,10.0,0.0,0.0,67.5,1,10.0,27.0,0.0271,61.1,0,,,,,0,,,,,0,,,,,0,,,,,0,,,,,0
2026-01-06 09:30:00,421238,4,580,E,ML,3.005,30,67,27.0,0.0088,61.1,10,0.0,0.0,71.2,1,10.0,0.0,0.0,69.8,1,10.0,27.0,0.0264,61.1,0,,,,,0,,,,,0,,,,,0,,,,,0,,,,,0
2026-01-06 09:35:00,421237,4,580,E,ML,1.513,30,67,27.0,0.009,61.1,10,0.0,0.0,70.9,1,10.0,0.0,0.0,67.5,1,10.0,27.0,0.0271,61.1,0,,,,,0,,,,,0,,,,,0,,,,,0,,,,,0
2026-01-06 09:35:00,421238,4,580,E,ML,3.005,30,67,27.0,0.0088,61.1,10,0.0,0.0,71.2,1,10.0,0.0,0.0,69.8,1,10.0,27.0,0.0264,61.1,0,,,,,0,,,,,0,,,,,0,,,,,0,,,,,0
2026-01-06 09:40:00,421237,4,580,E,ML,1.513,30,67,27.0,0.009,61.1,10,0.0,0.0,70.9,1,10.0,0.0,0.0,67.5,1,10.0,27.0,0.0271,61.1,0,,,,,0,,,,,0,,,,,0,,,,,0,,,,,0
2026-01-06 09:40:00,421238,4,580,E,ML,3.005,30,67,27.0,0.0088,61.1,10,0.0,0.0,71.2,1,10.0,0.0,0.0,69.8,1,10.0,27.0,0.0264,61.1,0,,,,,0,,,,,0,,,,,0,,,,,0,,,,,0
2026-01-06 09:45:00,421237,4,580,E,ML,1.513,30,67,27.0,0.009,61.1,10,0.0,0.0,70.9,1,10.0,0.0,0.0,67.5,1,10.0,27.0,0.0271,61.1,0,,,,,0,,,,,0,,,,,0,,,,,0,,,,,0
2026-01-06 09:45:00,421238,4,580,E,ML,3.005,30,67,27.0,0.0088,61.1,10,0.0,0.0,71.2,1,10.0,0.0,0.0,69.8,1,10.0,27.0,0.0264,61.1,0,,,,,0,,,,,0,,,,,0,,,,,0,,,,,0
2026-01-06 09:50:00,421237,4,580,E,ML,1.513,30,67,27.0,0.009,61.1,10,0.0,0.0,70.9,1,10.0,0.0,0.0,67.5,1,10.0,27.0,0.0271,61.1,0,,,,,0,,,,,0,,,,,0,,,,,0,,,,,0
2026-01-06 09:50:00,421238,4,580,E,ML,3.005,30,67,27.0,0.0088,61.1,10,0.0,0.0,71.2,1,10.0,0.0,0.0,69.8,1,10.0,27.0,0.0264,61.1,0,,,,,0,,,,,0,,,,,0,,,,,0,,,,,0
2026-01-06 09:55:00,421237,4,580,E,ML,1.513,30,67,27.0,0.009,61.1,10,0.0,0.0,70.9,1,10.0,0.0,0.0,67.5,1,10.0,27.0,0.0271,61.1,0,,,,,0,,,,,0,,,,,0,,,,,0,,,,,0
2026-01-06 09:55:00,421238,4,580,E,ML,3.005,30,67,27.0,0.0088,61.1,10,0.0,0.0,71.2,1,10.0,0.0,0.0,69.8,1,10.0,27.0,0.0264,61.1,0,,,,,0,,,,,0,,,,,0,,,,,0,,,,,0
2026-01-06 10:00:00,421237,4,580,E,ML,1.513,30,67,215.0,0.0691,61.9,10,70.0,0.0491,69.4,1,10.0,74.0,0.0848,58.7,1,10.0,71.0,0.0735,57.8,0,,,,,0,,,,,0,,,,,0,,,,,0,,,,,0
2026-01-06 10:00:00,421238,4,580,E,ML,3.005,30,67,196.0,0.0457,67.2,10,73.0,0.0383,70.9,1,10.0,62.0,0.0423,69.9,1,10.0,61.0,0.0565,60.1,0,,,,,0,,,,,0,,,,,0,,,,,0,,,,,0
2026-01-06 10:05:00,421237,4,580,E,ML,1.513,30,67,228.0,0.0657,62.0,10,81.0,0.0589,67.4,1,10.0,74.0,0.0694,59.9,1,10.0,73.0,0.0689,58.2,0,,,,,0,,,,,0,,,,,0,,,,,0,,,,,0
2026-01-06 10:05:00,421238,4,580,E,ML,3.005,30,67,216.0,0.05,67.1,10,68.0,0.0347,71.6,1,10.0,77.0,0.053,69.6,1,10.0,71.0,0.0622,60.0,0,,,,,0,,,,,0,,,,,0,,,,,0,,,,,0
2026-01-06 10:10:00,421237,4,580,E,ML,1.513,30,67,220.0,0.0639,62.0,10,85.0,0.0592,67.8,1,10.0,68.0,0.0673,58.9,1,10.0,67.0,0.0653,57.7,0,,,,,0,,,,,0,,,,,0,,,,,0,,,,,0
2026-01-06 10:10:00,421238,4,580,E,ML,3.005,30,67,222.0,0.0485,68.2,10,84.0,0.044,71.1,1,10.0,71.0,0.0452,72.2,1,10.0,67.0,0.0563,60.4,0,,,,,0,,,,,0,,,,,0,,,,,0,,,,,0
2026-01-06 10:15:00,421237,4,580,E,ML,1.513,30,67,193.0,0.0576,61.5,10,65.0,0.0436,69.3,1,10.0,64.0,0.0661,57.2,1,10.0,64.0,0.0632,57.8,0,,,,,0,,,,,0,,,,,0,,,,,0,,,,,0
2026-01-06 10:15:00,421238,4,580,E,ML,3.005,30,67,206.0,0.0451,68.9,10,74.0,0.0374,72.0,1,10.0,68.0,0.0439,73.0,1,10.0,64.0,0.0541,60.9,0,,,,,0,,,,,0,,,,,0,,,,,0,,,,,0
2026-01-06 10:20:00,421237,4,580,E,ML,1.513,30,67,189.0,0.0558,61.6,10,58.0,0.0366,72.1,1,10.0,63.0,0.065,56.4,1,10.0,68.0,0.0658,57.5,0,,,,,0,,,,,0,,,,,0,,,,,0,,,,,0
2026-01-06 10:20:00,421238,4,580,E,ML,3.005,30,67,179.0,0.0414,68.3,10,47.0,0.0232,72.6,1,10.0,66.0,0.0437,72.5,1,10.0,66.0,0.0572,61.0,0,,,,,0,,,,,0,,,,,0,,,,,0,,,,,0
2026-01-06 10:25:00,421237,4,580,E,ML,1.513,30,67,202.0,0.06,61.7,10,65.0,0.0421,72.7,1,10.0,69.0,0.071,56.0,1,10.0,68.0,0.067,57.1,0,,,,,0,,,,,0,,,,,0,,,,,0,,,,,0
2026-01-06 10:25:00,421238,4,580,E,ML,3.005,30,67,186.0,0.0419,68.7,10,63.0,0.0313,73.2,1,10.0,60.0,0.0398,72.2,1,10.0,63.0,0.0545,60.8,0,,,,,0,,,,,0,,,,,0,,,,,0,,,,,0
2026-01-06 10:30:00,421237,4,580,E,ML,1.513,30,67,203.0,0.0583,62.4,10,63.0,0.0416,72.3,1,10.0,71.0,0.067,58.4,1,10.0,69.0,0.0664,57.5,0,,,,,0,,,,,0,,,,,0,,,,,0,,,,,0
2026-01-06 10:30:00,421238,4,580,E,ML,3.005,30,67,203.0,0.0454,68.5,10,64.0,0.0317,73.6,1,10.0,70.0,0.0465,72.0,1,10.0,69.0,0.058,60.4,0,,,,,0,,,,,0,,,,,0,,,,,0,,,,,0
2026-01-06 10:35:00,421237,4,580,E,ML,1.513,30,67,244.0,0.0727,61.5,10,83.0,0.0599,69.1,1,10.0,84.0,0.0832,58.1,1,10.0,77.0,0.0751,57.1,0,,,,,0,,,,,0,,,,,0,,,,,0,,,,,0
2026-01-06 10:35:00,421238,4,580,E,ML,3.005,30,67,231.0,0.0549,67.1,10,76.0,0.0417,70.6,1,10.0,83.0,0.0581,70.1,1,10.0,72.0,0.065,59.9,0,,,,,0,,,,,0,,,,,0,,,,,0,,,,,0
2026-01-06 10:40:00,421237,4,580,E,ML,1.513,30,67,218.0,0.0632,61.8,10,75.0,0.0506,69.8,1,10.0,70.0,0.0692,58.0,1,10.0,73.0,0.0699,57.3,0,,,,,0,,,,,0,,,,,0,,,,,0,,,,,0
2026-01-06 10:40:00,421238,4,580,E,ML,3.005,30,67,215.0,0.0488,66.9,10,72.0,0.0391,69.5,1,10.0,70.0,0.0466,70.9,1,10.0,73.0,0.0608,60.4,0,,,,,0,,,,,0,,,,,0,,,,,0,,,,,0
2026-01-06 10:45:00,421237,4,580,E,ML,1.513,30,67,210.0,0.0633,60.8,10,62.0,0.0411,70.7,1,10.0,74.0,0.0756,57.0,1,10.0,74.0,0.0732,56.2,0,,,,,0,,,,,0,,,,,0,,,,,0,,,,,0
2026-01-06 10:45:00,421238,4,580,E,ML,3.005,30,67,223.0,0.0534,66.1,10,74.0,0.0384,70.4,1,10.0,77.0,0.0564,68.1,1,10.0,72.0,0.0654,59.5,0,,,,,0,,,,,0,,,,,0,,,,,0,,,,,0
2026-01-06 10:50:00,421237,4,580,E,ML,1.513,30,67,197.0,0.0567,62.3,10,64.0,0.041,72.4,1,10.0,66.0,0.064,58.0,1,10.0,67.0,0.065,56.8,0,,,,,0,,,,,0,,,,,0,,,,,0,,,,,0
2026-01-06 10:50:00,421238,4,580,E,ML,3.005,30,67,193.0,0.0431,67.2,10,63.0,0.0328,70.8,1,10.0,64.0,0.0409,71.2,1,10.0,66.0,0.0556,59.8,0,,,,,0,,,,,0,,,,,0,,,,,0,,,,,0
2026-01-06 10:55:00,421237,4,580,E,ML,1.513,30,67,220.0,0.0707,60.5,10,69.0,0.0446,72.9,1,10.0,80.0,0.0926,53.7,1,10.0,71.0,0.0748,56.2,0,,,,,0,,,,,0,,,,,0,,,,,0,,,,,0
2026-01-06 10:55:00,421238,4,580,E,ML,3.005,30,67,207.0,0.0483,67.0,10,65.0,0.0329,71.8,1,10.0,75.0,0.053,69.4,1,10.0,67.0,0.0589,59.8,0,,,,,0,,,,,0,,,,,0,,,,,0,,,,,0
2026-01-06 11:00:00,421237,4,580,E,ML,1.513,30,67,190.0,0.0551,62.1,10,59.0,0.037,74.6,1,10.0,65.0,0.065,55.5,1,10.0,66.0,0.0634,57.5,0,,,,,0,,,,,0,,,,,0,,,,,0,,,,,0
2026-01-06 11:00:00,421238,4,580,E,ML,3.005,30,67,199.0,0.0431,66.2,10,70.0,0.0351,72.8,1,10.0,64.0,0.0408,66.5,1,10.0,65.0,0.0535,58.9,0,,,,,0,,,,,0,,,,,0,,,,,0,,,,,0
2026-01-06 11:05:00,421237,4,580,E,ML,1.513,30,67,183.0,0.0554,61.8,10,67.0,0.0441,73.9,1,10.0,53.0,0.0584,53.8,1,10.0,63.0,0.0637,55.5,0,,,,,0,,,,,0,,,,,0,,,,,0,,,,,0
2026-01-06 11:05:00,421238,4,580,E,ML,3.005,30,67,191.0,0.0455,63.7,10,59.0,0.0306,72.3,1,10.0,67.0,0.047,62.1,1,10.0,65.0,0.0589,57.4,0,,,,,0,,,,,0,,,,,0,,,,,0,,,,,0
2026-01-06 11:10:00,421237,4,580,E,ML,1.513,30,67,247.0,0.0735,61.3,10,79.0,0.0531,72.9,1,10.0,89.0,0.0899,55.2,1,10.0,79.0,0.0774,56.5,0,,,,,0,,,,,0,,,,,0,,,,,0,,,,,0
2026-01-06 11:10:00,421238,4,580,E,ML,3.005,30,67,231.0,0.0523,63.4,10,81.0,0.0429,71.3,1,10.0,77.0,0.0517,61.1,1,10.0,73.0,0.0622,57.1,0,,,,,0,,,,,0,,,,,0,,,,,0,,,,,0
2026-01-06 11:15:00,421237,4,580,E,ML,1.513,30,67,207.0,0.0592,62.3,10,63.0,0.0414,73.1,1,10.0,72.0,0.0682,57.8,1,10.0,72.0,0.068,57.5,0,,,,,0,,,,,0,,,,,0,,,,,0,,,,,0
2026-01-06 11:15:00,421238,4,580,E,ML,3.005,30,67,215.0,0.0485,63.1,10,64.0,0.0333,71.4,1,10.0,79.0,0.0511,61.7,1,10.0,72.0,0.061,57.3,0,,,,,0,,,,,0,,,,,0,,,,,0,,,,,0
2026-01-06 11:20:00,421237,4,580,E,ML,1.513,30,67,226.0,0.0643,63.1,10,68.0,0.0463,72.0,1,10.0,82.0,0.075,60.2,1,10.0,76.0,0.0715,58.2,0,,,,,0,,,,,0,,,,,0,,,,,0,,,,,0
2026-01-06 11:20:00,421238,4,580,E,ML,3.005,30,67,208.0,0.0463,64.1,10,69.0,0.0366,70.9,1,10.0,70.0,0.0434,63.4,1,10.0,69.0,0.0589,58.0,0,,,,,0,,,,,0,,,,,0,,,,,0,,,,,0
2026-01-06 11:25:00,421237,4,580,E,ML,1.513,30,67,214.0,0.0665,61.4,10,75.0,0.0505,71.8,1,10.0,68.0,0.077,55.4,1,10.0,71.0,0.0719,56.3,0,,,,,0,,,,,0,,,,,0,,,,,0,,,,,0
2026-01-06 11:25:00,421238,4,580,E,ML,3.005,30,67,212.0,0.0487,63.4,10,70.0,0.0364,71.3,1,10.0,73.0,0.0489,61.8,1,10.0,69.0,0.0607,57.1,0,,,,,0,,,,,0,,,,,0,,,,,0,,,,,0
2026-01-06 11:30:00,421237,4,580,E,ML,1.513,30,67,218.0,0.06,63.5,10,63.0,0.0431,71.2,1,10.0,83.0,0.0702,61.6,1,10.0,72.0,0.0667,58.9,0,,,,,0,,,,,0,,,,,0,,,,,0,,,,,0
2026-01-06 11:30:00,421238,4,580,E,ML,3.005,30,67,214.0,0.0506,61.9,10,71.0,0.0369,71.5,1,10.0,74.0,0.0546,58.2,1,10.0,69.0,0.0603,56.0,0,,,,,0,,,,,0,,,,,0,,,,,0,,,,,0
2026-01-06 11:35:00,421237,4,580,E,ML,1.513,30,67,218.0,0.0613,64.1,10,73.0,0.0488,71.7,1,10.0,71.0,0.0665,61.4,1,10.0,74.0,0.0687,59.1,0,,,,,0,,,,,0,,,,,0,,,,,0,,,,,0
2026-01-06 11:35:00,421238,4,580,E,ML,3.005,30,67,227.0,0.0497,63.7,10,77.0,0.0386,72.7,1,10.0,77.0,0.049,60.8,1,10.0,73.0,0.0616,57.3,0,,,,,0,,,,,0,,,,,0,,,,,0,,,,,0
2026-01-06 11:40:00,421237,4,580,E,ML,1.513,30,67,217.0,0.0614,64.3,10,67.0,0.043,73.4,1,10.0,77.0,0.0722,61.2,1,10.0,73.0,0.0691,59.1,0,,,,,0,,,,,0,,,,,0,,,,,0,,,,,0
2026-01-06 11:40:00,421238,4,580,E,ML,3.005,30,67,204.0,0.0464,63.4,10,66.0,0.0317,74.4,1,10.0,68.0,0.0481,59.0,1,10.0,70.0,0.0594,57.2,0,,,,,0,,,,,0,,,,,0,,,,,0,,,,,0
2026-01-06 11:45:00,421237,4,580,E,ML,1.513,30,67,207.0,0.0617,63.1,10,71.0,0.0487,71.9,1,10.0,69.0,0.0702,58.8,1,10.0,67.0,0.0663,58.2,0,,,,,0,,,,,0,,,,,0,,,,,0,,,,,0
2026-01-06 11:45:00,421238,4,580,E,ML,3.005,30,67,201.0,0.0457,63.2,10,62.0,0.0316,73.6,1,10.0,73.0,0.0482,60.1,1,10.0,66.0,0.0573,56.9,0,,,,,0,,,,,0,,,,,0,,,,,0,,,,,0
2026-01-06 11:50:00,421237,4,580,E,ML,1.513,30,67,221.0,0.0599,64.9,10,72.0,0.0479,72.2,1,10.0,76.0,0.0658,62.5,1,10.0,73.0,0.0661,60.1,0,,,,,0,,,,,0,,,,,0,,,,,0,,,,,0
2026-01-06 11:50:00,421238,4,580,E,ML,3.005,30,67,222.0,0.0488,64.0,10,75.0,0.0391,72.5,1,10.0,75.0,0.0482,61.4,1,10.0,72.0,0.059,57.9,0,,,,,0,,,,,0,,,,,0,,,,,0,,,,,0
2026-01-06 11:55:00,421237,4,580,E,ML,1.513,30,67,204.0,0.0601,63.3,10,60.0,0.04,72.3,1,10.0,73.0,0.0709,60.7,1,10.0,71.0,0.0695,58.3,0,,,,,0,,,,,0,,,,,0,,,,,0,,,,,0
2026-01-06 11:55:00,421238,4,580,E,ML,3.005,30,67,209.0,0.0486,63.1,10,61.0,0.0297,73.7,1,10.0,77.0,0.0536,59.6,1,10.0,71.0,0.0625,57.7,0,,,,,0,,,,,0,,,,,0,,,,,0,,,,,0
2026-01-06 12:00:00,421237,4,580,E,ML,1.513,30,67,201.0,0.063,59.6,10,69.0,0.0488,67.4,1,10.0,64.0,0.0712,56.1,1,10.0,68.0,0.0691,54.9,0,,,,,0,,,,,0,,,,,0,,,,,0,,,,,0
2026-01-06 12:00:00,421238,4,580,E,ML,3.005,30,67,215.0,0.0508,62.7,10,74.0,0.0398,72.6,1,10.0,72.0,0.0514,58.1,1,10.0,69.0,0.0611,56.8,0,,,,,0,,,,,0,,,,,0,,,,,0,,,,,0
2026-01-06 12:05:00,421237,4,580,E,ML,1.513,30,67,237.0,0.0719,58.8,10,74.0,0.048,67.7,1,10.0,85.0,0.0898,55.2,1,10.0,78.0,0.0779,54.2,0,,,,,0,,,,,0,,,,,0,,,,,0,,,,,0
2026-01-06 12:05:00,421238,4,580,E,ML,3.005,30,67,194.0,0.0449,62.0,10,59.0,0.03,73.5,1,10.0,65.0,0.0448,58.5,1,10.0,70.0,0.06,55.4,0,,,,,0,,,,,0,,,,,0,,,,,0,,,,,0
2026-01-06 12:10:00,421237,4,580,E,ML,1.513,30,67,179.0,0.0499,60.9,10,50.0,0.032,68.6,1,10.0,64.0,0.057,59.8,1,10.0,65.0,0.0607,56.0,0,,,,,0,,,,,0,,,,,0,,,,,0,,,,,0
2026-01-06 12:10:00,421238,4,580,E,ML,3.005,30,67,207.0,0.0483,62.1,10,68.0,0.0351,73.8,1,10.0,72.0,0.0516,57.4,1,10.0,67.0,0.0583,55.1,0,,,,,0,,,,,0,,,,,0,,,,,0,,,,,0
2026-01-06 12:15:00,421237,4,580,E,ML,1.513,30,67,215.0,0.0649,59.5,10,69.0,0.0473,66.5,1,10.0,73.0,0.0755,57.6,1,10.0,73.0,0.072,54.9,0,,,,,0,,,,,0,,,,,0,,,,,0,,,,,0
2026-01-06 12:15:00,421238,4,580,E,ML,3.005,30,67,186.0,0.0433,62.8,10,59.0,0.0301,74.1,1,10.0,62.0,0.0414,59.1,1,10.0,65.0,0.0584,56.0,0,,,,,0,,,,,0,,,,,0,,,,,0,,,,,0
2026-01-06 12:20:00,421237,4,580,E,ML,1.513,30,67,251.0,0.0781,58.1,10,98.0,0.0661,65.9,1,10.0,78.0,0.0899,53.6,1,10.0,75.0,0.0784,52.7,0,,,,,0,,,,,0,,,,,0,,,,,0,,,,,0
2026-01-06 12:20:00,421238,4,580,E,ML,3.005,30,67,242.0,0.0583,61.6,10,85.0,0.0463,72.4,1,10.0,84.0,0.0615,57.0,1,10.0,73.0,0.067,54.2,0,,,,,0,,,,,0,,,,,0,,,,,0,,,,,0
2026-01-06 12:25:00,421237,4,580,E,ML,1.513,30,67,270.0,0.0818,57.5,10,97.0,0.0686,64.1,1,10.0,94.0,0.0958,54.9,1,10.0,79.0,0.0809,52.5,0,,,,,0,,,,,0,,,,,0,,,,,0,,,,,0
2026-01-06 12:25:00,421238,4,580,E,ML,3.005,30,67,243.0,0.0549,62.8,10,95.0,0.0478,74.4,1,10.0,75.0,0.053,57.0,1,10.0,73.0,0.0639,53.8,0,,,,,0,,,,,0,,,,,0,,,,,0,,,,,0
2026-01-06 12:30:00,421237,4,580,E,ML,1.513,30,67,214.0,0.0624,58.0,10,75.0,0.0511,64.4,1,10.0,67.0,0.0663,56.4,1,10.0,72.0,0.0699,52.9,0,,,,,0,,,,,0,,,,,0,,,,,0,,,,,0
2026-01-06 12:30:00,421238,4,580,E,ML,3.005,30,67,258.0,0.0593,62.1,10,92.0,0.0483,73.8,1,10.0,89.0,0.0616,57.6,1,10.0,77.0,0.0679,53.3,0,,,,,0,,,,,0,,,,,0,,,,,0,,,,,0
2026-01-06 12:35:00,421237,4,580,E,ML,1.513,30,67,241.0,0.0648,61.0,10,82.0,0.0535,65.9,1,10.0,82.0,0.0699,61.8,1,10.0,77.0,0.0711,55.0,0,,,,,0,,,,,0,,,,,0,,,,,0,,,,,0
2026-01-06 12:35:00,421238,4,580,E,ML,3.005,30,67,216.0,0.051,61.4,10,68.0,0.0352,73.9,1,10.0,76.0,0.0533,57.5,1,10.0,72.0,0.0644,53.8,0,,,,,0,,,,,0,,,,,0,,,,,0,,,,,0
2026-01-06 12:40:00,421237,4,580,E,ML,1.513,30,67,227.0,0.0624,62.0,10,75.0,0.0488,66.8,1,10.0,78.0,0.0692,63.2,1,10.0,74.0,0.0691,55.8,0,,,,,0,,,,,0,,,,,0,,,,,0,,,,,0
2026-01-06 12:40:00,421238,4,580,E,ML,3.005,30,67,237.0,0.0542,62.9,10,79.0,0.0401,74.7,1,10.0,86.0,0.0581,58.5,1,10.0,72.0,0.0645,55.3,0,,,,,0,,,,,0,,,,,0,,,,,0,,,,,0
2026-01-06 12:45:00,421237,4,580,E,ML,1.513,30,67,229.0,0.0671,60.5,10,73.0,0.0529,63.8,1,10.0,81.0,0.0765,61.9,1,10.0,75.0,0.0719,55.7,0,,,,,0,,,,,0,,,,,0,,,,,0,,,,,0
2026-01-06 12:45:00,421238,4,580,E,ML,3.005,30,67,213.0,0.0494,62.2,10,66.0,0.0362,72.5,1,10.0,74.0,0.0505,58.8,1,10.0,73.0,0.0615,56.2,0,,,,,0,,,,,0,,,,,0,,,,,0,,,,,0
2026-01-06 12:50:00,421237,4,580,E,ML,1.513,30,67,241.0,0.0711,59.7,10,86.0,0.0592,63.9,1,10.0,80.0,0.0813,59.1,1,10.0,75.0,0.0727,55.6,0,,,,,0,,,,,0,,,,,0,,,,,0,,,,,0
2026-01-06 12:50:00,421238,4,580,E,ML,3.005,30,67,255.0,0.0573,63.7,10,89.0,0.0464,73.1,1,10.0,93.0,0.061,60.1,1,10.0,73.0,0.0645,56.8,0,,,,,0,,,,,0,,,,,0,,,,,0,,,,,0
2026-01-06 12:55:00,421237,4,580,E,ML,1.513,30,67,240.0,0.0695,60.0,10,73.0,0.0474,65.9,1,10.0,88.0,0.0851,59.2,1,10.0,79.0,0.076,55.3,0,,,,,0,,,,,0,,,,,0,,,,,0,,,,,0
2026-01-06 12:55:00,421238,4,580,E,ML,3.005,30,67,224.0,0.0505,63.6,10,78.0,0.0407,73.3,1,10.0,74.0,0.0491,60.4,1,10.0,72.0,0.0617,56.3,0,,,,,0,,,,,0,,,,,0,,,,,0,,,,,0
2026-01-06 13:00:00,421237,4,580,E,ML,1.513,30,67,249.0,0.0762,58.3,10,85.0,0.0641,62.1,1,10.0,86.0,0.0871,57.9,1,10.0,78.0,0.0773,54.5,0,,,,,0,,,,,0,,,,,0,,,,,0,,,,,0
2026-01-06 13:00:00,421238,4,580,E,ML,3.005,30,67,240.0,0.0567,61.0,10,75.0,0.0401,69.2,1,10.0,88.0,0.0625,58.5,1,10.0,77.0,0.0675,55.7,0,,,,,0,,,,,0,,,,,0,,,,,0,,,,,0
2026-01-06 13:05:00,421237,4,580,E,ML,1.513,30,67,241.0,0.0705,58.4,10,87.0,0.0606,62.6,1,10.0,78.0,0.0757,58.5,1,10.0,76.0,0.0751,53.4,0,,,,,0,,,,,0,,,,,0,,,,,0,,,,,0
2026-01-06 13:05:00,421238,4,580,E,ML,3.005,30,67,244.0,0.0563,60.4,10,84.0,0.0435,68.0,1,10.0,83.0,0.0576,58.3,1,10.0,77.0,0.0678,54.2,0,,,,,0,,,,,0,,,,,0,,,,,0,,,,,0
2026-01-06 13:10:00,421237,4,580,E,ML,1.513,27,67,263.0,0.0812,57.6,9,96.0,0.0653,63.6,1,9.0,89.0,0.0976,55.4,1,9.0,78.0,0.0807,52.8,0,,,,,0,,,,,0,,,,,0,,,,,0,,,,,0
2026-01-06 13:10:00,421238,4,580,E,ML,3.005,27,67,243.0,0.0618,56.9,9,92.0,0.0577,61.5,1,9.0,78.0,0.0613,54.8,1,9.0,73.0,0.0663,53.2,0,,,,,0,,,,,0,,,,,0,,,,,0,,,,,0
2026-01-06 13:15:00,421237,4,580,E,ML,1.513,30,67,259.0,0.0728,59.5,10,96.0,0.0635,65.1,1,10.0,85.0,0.0799,58.2,1,10.0,78.0,0.0749,54.0,0,,,,,0,,,,,0,,,,,0,,,,,0,,,,,0
2026-01-06 13:15:00,421238,4,580,E,ML,3.005,30,67,278.0,0.0608,59.3,10,116.0,0.0592,64.5,1,10.0,85.0,0.0574,57.2,1,10.0,77.0,0.0659,53.7,0,,,,,0,,,,,0,,,,,0,,,,,0,,,,,0
2026-01-06 13:20:00,421237,4,580,E,ML,1.513,30,67,277.0,0.0804,59.3,10,95.0,0.0673,63.6,1,10.0,98.0,0.0932,59.2,1,10.0,84.0,0.0807,54.6,0,,,,,0,,,,,0,,,,,0,,,,,0,,,,,0
2026-01-06 13:20:00,421238,4,580,E,ML,3.005,30,67,266.0,0.0609,59.2,10,98.0,0.0518,64.9,1,10.0,89.0,0.0625,57.2,1,10.0,79.0,0.0685,54.5,0,,,,,0,,,,,0,,,,,0,,,,,0,,,,,0
2026-01-06 13:25:00,421237,4,580,E,ML,1.513,30,67,264.0,0.0767,59.2,10,91.0,0.0645,62.8,1,10.0,91.0,0.0869,59.6,1,10.0,82.0,0.0788,54.6,0,,,,,0,,,,,0,,,,,0,,,,,0,,,,,0
2026-01-06 13:25:00,421238,4,580,E,ML,3.005,30,67,266.0,0.062,59.1,10,90.0,0.0469,65.6,1,10.0,94.0,0.0679,56.4,1,10.0,82.0,0.0712,54.9,0,,,,,0,,,,,0,,,,,0,,,,,0,,,,,0
2026-01-06 13:30:00,421237,4,580,E,ML,1.513,30,67,271.0,0.0855,57.3,10,111.0,0.076,63.5,1,10.0,82.0,0.0966,54.1,1,10.0,78.0,0.084,51.7,0,,,,,0,,,,,0,,,,,0,,,,,0,,,,,0
2026-01-06 13:30:00,421238,4,580,E,ML,3.005,30,67,268.0,0.0607,59.9,10,98.0,0.0513,65.7,1,10.0,93.0,0.0609,58.9,1,10.0,77.0,0.0699,53.9,0,,,,,0,,,,,0,,,,,0,,,,,0,,,,,0
2026-01-06 13:35:00,421237,4,580,E,ML,1.513,30,67,270.0,0.0787,57.7,10,102.0,0.0708,63.4,1,10.0,87.0,0.0858,56.1,1,10.0,81.0,0.0795,52.4,0,,,,,0,,,,,0,,,,,0,,,,,0,,,,,0
2026-01-06 13:35:00,421238,4,580,E,ML,3.005,30,67,281.0,0.0678,58.2,10,108.0,0.0614,63.2,1,10.0,93.0,0.0692,56.5,1,10.0,80.0,0.0729,53.5,0,,,,,0,,,,,0,,,,,0,,,,,0,,,,,0
2026-01-06 13:40:00,421237,4,580,E,ML,1.513,30,67,254.0,0.0681,61.0,10,90.0,0.0565,66.7,1,10.0,85.0,0.0748,60.6,1,10.0,79.0,0.0731,54.8,0,,,,,0,,,,,0,,,,,0,,,,,0,,,,,0
2026-01-06 13:40:00,421238,4,580,E,ML,3.005,30,67,244.0,0.055,59.0,10,85.0,0.0437,65.2,1,10.0,81.0,0.0557,57.5,1,10.0,78.0,0.0655,53.9,0,,,,,0,,,,,0,,,,,0,,,,,0,,,,,0
2026-01-06 13:45:00,421237,4,580,E,ML,1.513,30,67,302.0,0.0842,61.1,10,120.0,0.0835,65.0,1,10.0,95.0,0.0875,61.4,1,10.0,87.0,0.0816,55.2,0,,,,,0,,,,,0,,,,,0,,,,,0,,,,,0
2026-01-06 13:45:00,421238,4,580,E,ML,3.005,30,67,272.0,0.0623,60.0,10,96.0,0.0499,65.8,1,10.0,94.0,0.0647,58.0,1,10.0,82.0,0.0724,55.4,0,,,,,0,,,,,0,,,,,0,,,,,0,,,,,0
2026-01-06 13:50:00,421237,4,580,E,ML,1.513,30,67,261.0,0.0732,61.0,10,95.0,0.0639,65.2,1,10.0,86.0,0.0793,61.8,1,10.0,80.0,0.0765,55.0,0,,,,,0,,,,,0,,,,,0,,,,,0,,,,,0
2026-01-06 13:50:00,421238,4,580,E,ML,3.005,30,67,267.0,0.0643,58.4,10,92.0,0.0521,63.4,1,10.0,94.0,0.0685,56.6,1,10.0,81.0,0.0722,54.7,0,,,,,0,,,,,0,,,,,0,,,,,0,,,,,0
2026-01-06 13:55:00,421237,4,580,E,ML,1.513,30,67,311.0,0.0889,60.4,10,107.0,0.0758,63.7,1,10.0,110.0,0.1015,61.9,1,10.0,94.0,0.0895,54.9,0,,,,,0,,,,,0,,,,,0,,,,,0,,,,,0
2026-01-06 13:55:00,421238,4,580,E,ML,3.005,30,67,294.0,0.0717,57.5,10,107.0,0.0592,62.8,1,10.0,102.0,0.0781,54.6,1,10.0,85.0,0.0777,54.5,0,,,,,0,,,,,0,,,,,0,,,,,0,,,,,0
2026-01-06 14:00:00,421237,4,580,E,ML,1.513,30,67,241.0,0.0714,58.6,10,88.0,0.0696,59.7,1,10.0,75.0,0.0717,60.9,1,10.0,78.0,0.073,55.1,0,,,,,0,,,,,0,,,,,0,,,,,0,,,,,0
2026-01-06 14:00:00,421238,4,580,E,ML,3.005,30,67,285.0,0.0659,58.6,10,96.0,0.0522,63.1,1,10.0,106.0,0.0724,56.7,1,10.0,83.0,0.0731,55.9,0,,,,,0,,,,,0,,,,,0,,,,,0,,,,,0
2026-01-06 14:05:00,421237,4,580,E,ML,1.513,30,67,289.0,0.0823,59.3,10,109.0,0.0743,62.1,1,10.0,95.0,0.0904,60.5,1,10.0,85.0,0.0822,54.5,0,,,,,0,,,,,0,,,,,0,,,,,0,,,,,0
2026-01-06 14:05:00,421238,4,580,E,ML,3.005,30,67,251.0,0.0581,58.6,10,101.0,0.0536,64.0,1,10.0,74.0,0.0533,56.3,1,10.0,76.0,0.0675,53.7,0,,,,,0,,,,,0,,,,,0,,,,,0,,,,,0
2026-01-06 14:10:00,421237,4,580,E,ML,1.513,30,67,268.0,0.0721,61.2,10,90.0,0.0616,63.2,1,10.0,91.0,0.076,64.5,1,10.0,87.0,0.0786,55.7,0,,,,,0,,,,,0,,,,,0,,,,,0,,,,,0
2026-01-06 14:10:00,421238,4,580,E,ML,3.005,30,67,290.0,0.0673,58.4,10,109.0,0.0589,63.9,1,10.0,95.0,0.0676,56.4,1,10.0,86.0,0.0753,53.7,0,,,,,0,,,,,0,,,,,0,,,,,0,,,,,0
2026-01-06 14:15:00,421237,4,580,E,ML,1.513,30,67,262.0,0.0772,59.8,10,91.0,0.0681,61.0,1,10.0,91.0,0.0867,62.3,1,10.0,80.0,0.0768,55.5,0,,,,,0,,,,,0,,,,,0,,,,,0,,,,,0
2026-01-06 14:15:00,421238,4,580,E,ML,3.005,30,67,230.0,0.0532,58.9,10,69.0,0.0395,62.6,1,10.0,84.0,0.0557,58.6,1,10.0,77.0,0.0644,55.8,0,,,,,0,,,,,0,,,,,0,,,,,0,,,,,0
2026-01-06 14:20:00,421237,4,580,E,ML,1.513,30,67,248.0,0.0642,63.0,10,86.0,0.0574,63.5,1,10.0,83.0,0.0653,67.5,1,10.0,79.0,0.0699,57.6,0,,,,,0,,,,,0,,,,,0,,,,,0,,,,,0
2026-01-06 14:20:00,421238,4,580,E,ML,3.005,30,67,251.0,0.0567,59.5,10,94.0,0.0513,62.9,1,10.0,79.0,0.0536,59.0,1,10.0,78.0,0.0651,55.9,0,,,,,0,,,,,0,,,,,0,,,,,0,,,,,0
2026-01-06 14:25:00,421237,4,580,E,ML,1.513,30,67,273.0,0.0755,62.3,10,100.0,0.0698,63.3,1,10.0,90.0,0.0802,65.9,1,10.0,83.0,0.0766,57.1,0,,,,,0,,,,,0,,,,,0,,,,,0,,,,,0
2026-01-06 14:25:00,421238,4,580,E,ML,3.005,30,67,255.0,0.0577,59.8,10,94.0,0.0491,64.5,1,10.0,82.0,0.0568,58.6,1,10.0,79.0,0.0673,55.4,0,,,,,0,,,,,0,,,,,0,,,,,0,,,,,0
2026-01-06 14:30:00,421237,4,580,E,ML,1.513,30,67,268.0,0.0685,64.2,10,99.0,0.0664,64.5,1,10.0,84.0,0.0656,69.6,1,10.0,85.0,0.0734,58.5,0,,,,,0,,,,,0,,,,,0,,,,,0,,,,,0
2026-01-06 14:30:00,421238,4,580,E,ML,3.005,30,67,285.0,0.0645,59.8,10,93.0,0.049,65.0,1,10.0,104.0,0.0695,59.4,1,10.0,88.0,0.0749,54.8,0,,,,,0,,,,,0,,,,,0,,,,,0,,,,,0
2026-01-06 14:35:00,421237,4,580,E,ML,1.513,30,67,262.0,0.0695,64.3,10,95.0,0.0638,65.0,1,10.0,86.0,0.0721,69.0,1,10.0,81.0,0.0726,58.5,0,,,,,0,,,,,0,,,,,0,,,,,0,,,,,0
2026-01-06 14:35:00,421238,4,580,E,ML,3.005,30,67,242.0,0.0537,60.5,10,77.0,0.0415,64.7,1,10.0,85.0,0.0543,61.2,1,10.0,80.0,0.0654,55.7,0,,,,,0,,,,,0,,,,,0,,,,,0,,,,,0
2026-01-06 14:40:00,421237,4,580,E,ML,1.513,30,67,291.0,0.0787,63.9,10,101.0,0.0683,65.0,1,10.0,101.0,0.0861,68.1,1,10.0,89.0,0.0817,57.8,0,,,,,0,,,,,0,,,,,0,,,,,0,,,,,0
2026-01-06 14:40:00,421238,4,580,E,ML,3.005,30,67,279.0,0.0634,60.3,10,98.0,0.0516,65.1,1,10.0,97.0,0.066,60.2,1,10.0,84.0,0.0727,54.9,0,,,,,0,,,,,0,,,,,0,,,,,0,,,,,0
2026-01-06 14:45:00,421237,4,580,E,ML,1.513,30,67,306.0,0.0851,62.4,10,116.0,0.0805,64.2,1,10.0,100.0,0.0903,65.8,1,10.0,90.0,0.0846,56.4,0,,,,,0,,,,,0,,,,,0,,,,,0,,,,,0
2026-01-06 14:45:00,421238,4,580,E,ML,3.005,30,67,291.0,0.068,59.0,10,102.0,0.0551,64.5,1,10.0,100.0,0.0716,58.2,1,10.0,89.0,0.0772,53.6,0,,,,,0,,,,,0,,,,,0,,,,,0,,,,,0
2026-01-06 14:50:00,421237,4,580,E,ML,1.513,30,67,285.0,0.0727,64.6,10,108.0,0.0751,63.7,1,10.0,93.0,0.071,70.4,1,10.0,84.0,0.0721,59.2,0,,,,,0,,,,,0,,,,,0,,,,,0,,,,,0
2026-01-06 14:50:00,421238,4,580,E,ML,3.005,30,67,274.0,0.0613,60.1,10,90.0,0.048,64.6,1,10.0,102.0,0.0666,59.9,1,10.0,82.0,0.0693,55.5,0,,,,,0,,,,,0,,,,,0,,,,,0,,,,,0
2026-01-06 14:55:00,421237,4,580,E,ML,1.513,30,67,306.0,0.0849,62.8,10,115.0,0.0813,63.0,1,10.0,100.0,0.0895,67.2,1,10.0,91.0,0.084,57.8,0,,,,,0,,,,,0,,,,,0,,,,,0,,,,,0
2026-01-06 14:55:00,421238,4,580,E,ML,3.005,30,67,314.0,0.0701,60.1,10,124.0,0.0684,63.5,1,10.0,101.0,0.0669,60.3,1,10.0,89.0,0.0751,55.2,0,,,,,0,,,,,0,,,,,0,,,,,0,,,,,0
2026-01-06 15:00:00,421237,4,580,E,ML,1.513,30,67,292.0,0.075,64.7,10,104.0,0.0708,63.8,1,10.0,100.0,0.0774,70.6,1,10.0,88.0,0.0769,58.9,0,,,,,0,,,,,0,,,,,0,,,,,0,,,,,0
2026-01-06 15:00:00,421238,4,580,E,ML,3.005,30,67,288.0,0.0646,60.3,10,100.0,0.054,63.7,1,10.0,103.0,0.067,61.1,1,10.0,85.0,0.0728,55.4,0,,,,,0,,,,,0,,,,,0,,,,,0,,,,,0
2026-01-06 15:05:00,421237,4,580,E,ML,1.513,30,67,288.0,0.08,63.1,10,98.0,0.0695,62.9,1,10.0,100.0,0.087,68.2,1,10.0,90.0,0.0834,57.6,0,,,,,0,,,,,0,,,,,0,,,,,0,,,,,0
2026-01-06 15:05:00,421238,4,580,E,ML,3.005,30,67,278.0,0.0659,58.9,10,96.0,0.0517,63.9,1,10.0,95.0,0.0696,58.0,1,10.0,87.0,0.0765,54.3,0,,,,,0,,,,,0,,,,,0,,,,,0,,,,,0
2026-01-06 15:10:00,421237,4,580,E,ML,1.513,30,67,304.0,0.0795,64.1,10,110.0,0.0752,63.6,1,10.0,103.0,0.083,69.6,1,10.0,91.0,0.0804,58.4,0,,,,,0,,,,,0,,,,,0,,,,,0,,,,,0
2026-01-06 15:10:00,421238,4,580,E,ML,3.005,30,67,286.0,0.0642,59.6,10,101.0,0.0541,64.1,1,10.0,98.0,0.0651,59.3,1,10.0,87.0,0.0733,54.8,0,,,,,0,,,,,0,,,,,0,,,,,0,,,,,0
2026-01-06 15:15:00,421237,4,580,E,ML,1.513,30,67,330.0,0.0937,61.7,10,132.0,0.0985,61.3,1,10.0,105.0,0.095,66.4,1,10.0,93.0,0.0877,56.8,0,,,,,0,,,,,0,,,,,0,,,,,0,,,,,0
2026-01-06 15:15:00,421238,4,580,E,ML,3.005,30,67,301.0,0.0676,60.0,10,115.0,0.0633,63.3,1,10.0,99.0,0.0639,60.8,1,10.0,87.0,0.0755,54.7,0,,,,,0,,,,,0,,,,,0,,,,,0,,,,,0
2026-01-06 15:20:00,421237,4,580,E,ML,1.513,30,67,327.0,0.0912,61.0,10,132.0,0.101,59.4,1,10.0,104.0,0.0896,66.4,1,10.0,91.0,0.083,57.0,0,,,,,0,,,,,0,,,,,0,,,,,0,,,,,0
2026-01-06 15:20:00,421238,4,580,E,ML,3.005,30,67,330.0,0.0775,58.6,10,133.0,0.0776,61.2,1,10.0,108.0,0.077,58.6,1,10.0,89.0,0.078,54.7,0,,,,,0,,,,,0,,,,,0,,,,,0,,,,,0
2026-01-06 15:25:00,421237,4,580,E,ML,1.513,30,67,310.0,0.0827,62.3,10,118.0,0.0814,61.6,1,10.0,102.0,0.0843,67.8,1,10.0,90.0,0.0823,57.1,0,,,,,0,,,,,0,,,,,0,,,,,0,,,,,0
2026-01-06 15:25:00,421238,4,580,E,ML,3.005,30,67,316.0,0.0731,58.0,10,116.0,0.0666,60.6,1,10.0,109.0,0.074,58.9,1,10.0,91.0,0.0787,53.8,0,,,,,0,,,,,0,,,,,0,,,,,0,,,,,0
2026-01-06 15:30:00,421237,4,580,E,ML,1.513,30,67,354.0,0.0978,62.0,10,136.0,0.0987,61.1,1,10.0,121.0,0.1044,67.1,1,10.0,97.0,0.0903,56.8,0,,,,,0,,,,,0,,,,,0,,,,,0,,,,,0
2026-01-06 15:30:00,421238,4,580,E,ML,3.005,30,67,321.0,0.0729,58.7,10,117.0,0.063,62.3,1,10.0,112.0,0.0764,58.9,1,10.0,92.0,0.0793,53.8,0,,,,,0,,,,,0,,,,,0,,,,,0,,,,,0
2026-01-06 15:35:00,421237,4,580,E,ML,1.513,30,67,318.0,0.0864,62.1,10,116.0,0.0878,59.6,1,10.0,107.0,0.0861,69.1,1,10.0,95.0,0.0853,57.2,0,,,,,0,,,,,0,,,,,0,,,,,0,,,,,0
2026-01-06 15:35:00,421238,4,580,E,ML,3.005,30,67,309.0,0.0709,58.3,10,115.0,0.0657,61.3,1,10.0,102.0,0.0686,59.3,1,10.0,92.0,0.0785,53.6,0,,,,,0,,,,,0,,,,,0,,,,,0,,,,,0
2026-01-06 15:40:00,421237,4,580,E,ML,1.513,30,67,316.0,0.0889,61.0,10,119.0,0.0914,58.4,1,10.0,105.0,0.0904,67.8,1,10.0,92.0,0.0848,56.7,0,,,,,0,,,,,0,,,,,0,,,,,0,,,,,0
2026-01-06 15:40:00,421238,4,580,E,ML,3.005,30,67,303.0,0.0725,57.3,10,113.0,0.0689,58.9,1,10.0,102.0,0.0713,58.4,1,10.0,88.0,0.0773,53.8,0,,,,,0,,,,,0,,,,,0,,,,,0,,,,,0
2026-01-06 15:45:00,421237,4,580,E,ML,1.513,30,67,325.0,0.0892,61.4,10,122.0,0.0896,59.2,1,10.0,109.0,0.093,67.5,1,10.0,94.0,0.0849,57.3,0,,,,,0,,,,,0,,,,,0,,,,,0,,,,,0
2026-01-06 15:45:00,421238,4,580,E,ML,3.005,30,67,305.0,0.069,58.1,10,102.0,0.056,60.8,1,10.0,109.0,0.0736,59.0,1,10.0,94.0,0.0773,54.2,0,,,,,0,,,,,0,,,,,0,,,,,0,,,,,0
2026-01-06 15:50:00,421237,4,580,E,ML,1.513,30,67,290.0,0.0742,63.8,10,106.0,0.0711,62.4,1,10.0,94.0,0.0724,70.9,1,10.0,90.0,0.079,58.1,0,,,,,0,,,,,0,,,,,0,,,,,0,,,,,0
2026-01-06 15:50:00,421238,4,580,E,ML,3.005,30,67,321.0,0.0728,58.7,10,119.0,0.0668,61.1,1,10.0,109.0,0.0724,59.8,1,10.0,93.0,0.0791,54.2,0,,,,,0,,,,,0,,,,,0,,,,,0,,,,,0
2026-01-06 15:55:00,421237,4,580,E,ML,1.513,30,67,312.0,0.0834,63.7,10,115.0,0.0788,63.3,1,10.0,104.0,0.087,69.7,1,10.0,93.0,0.0844,57.5,0,,,,,0,,,,,0,,,,,0,,,,,0,,,,,0
2026-01-06 15:55:00,421238,4,580,E,ML,3.005,30,67,286.0,0.0659,59.1,10,97.0,0.0518,62.8,1,10.0,101.0,0.0689,59.4,1,10.0,88.0,0.0769,54.6,0,,,,,0,,,,,0,,,,,0,,,,,0,,,,,0
2026-01-06 16:00:00,421237,4,580,E,ML,1.513,30,67,326.0,0.0859,64.2,10,121.0,0.0889,61.6,1,10.0,111.0,0.0864,71.6,1,10.0,94.0,0.0824,58.8,0,,,,,0,,,,,0,,,,,0,,,,,0,,,,,0
2026-01-06 16:00:00,421238,4,580,E,ML,3.005,30,67,289.0,0.0646,59.6,10,102.0,0.0537,64.1,1,10.0,97.0,0.0658,59.3,1,10.0,90.0,0.0743,54.9,0,,,,,0,,,,,0,,,,,0,,,,,0,,,,,0
2026-01-06 16:05:00,421237,4,580,E,ML,1.513,30,67,311.0,0.0813,64.6,10,116.0,0.0801,62.7,1,10.0,104.0,0.0841,71.2,1,10.0,91.0,0.0797,59.4,0,,,,,0,,,,,0,,,,,0,,,,,0,,,,,0
2026-01-06 16:05:00,421238,4,580,E,ML,3.005,30,67,332.0,0.0755,59.6,10,126.0,0.0713,62.5,1,10.0,117.0,0.0797,59.2,1,10.0,89.0,0.0755,56.2,0,,,,,0,,,,,0,,,,,0,,,,,0,,,,,0
2026-01-06 16:10:00,421237,4,580,E,ML,1.513,30,67,322.0,0.0849,64.5,10,118.0,0.0828,62.7,1,10.0,110.0,0.0886,71.2,1,10.0,94.0,0.0834,59.0,0,,,,,0,,,,,0,,,,,0,,,,,0,,,,,0
2026-01-06 16:10:00,421238,4,580,E,ML,3.005,30,67,277.0,0.0615,60.1,10,99.0,0.0537,63.0,1,10.0,92.0,0.059,61.0,1,10.0,86.0,0.0717,55.7,0,,,,,0,,,,,0,,,,,0,,,,,0,,,,,0
2026-01-06 16:15:00,421237,4,580,E,ML,1.513,30,67,322.0,0.0845,64.5,10,119.0,0.0829,62.9,1,10.0,108.0,0.0872,71.1,1,10.0,95.0,0.0834,59.1,0,,,,,0,,,,,0,,,,,0,,,,,0,,,,,0
2026-01-06 16:15:00,421238,4,580,E,ML,3.005,30,67,327.0,0.0748,59.3,10,117.0,0.066,62.0,1,10.0,115.0,0.0785,60.0,1,10.0,95.0,0.08,55.1,0,,,,,0,,,,,0,,,,,0,,,,,0,,,,,0
2026-01-06 16:20:00,421237,4,580,E,ML,1.513,30,67,336.0,0.086,65.7,10,122.0,0.0861,62.6,1,10.0,118.0,0.0886,73.7,1,10.0,96.0,0.0834,59.9,0,,,,,0,,,,,0,,,,,0,,,,,0,,,,,0
2026-01-06 16:20:00,421238,4,580,E,ML,3.005,30,67,312.0,0.0704,59.6,10,112.0,0.0621,62.1,1,10.0,109.0,0.0721,60.4,1,10.0,91.0,0.0769,55.6,0,,,,,0,,,,,0,,,,,0,,,,,0,,,,,0
2026-01-06 16:25:00,421237,4,580,E,ML,1.513,30,67,325.0,0.0865,64.3,10,131.0,0.0919,62.7,1,10.0,102.0,0.0852,71.1,1,10.0,92.0,0.0825,58.9,0,,,,,0,,,,,0,,,,,0,,,,,0,,,,,0
2026-01-06 16:25:00,421238,4,580,E,ML,3.005,30,67,323.0,0.0717,60.0,10,124.0,0.0699,61.6,1,10.0,107.0,0.0691,61.3,1,10.0,92.0,0.0762,56.2,0,,,,,0,,,,,0,,,,,0,,,,,0,,,,,0
2026-01-06 16:30:00,421237,4,580,E,ML,1.513,30,67,333.0,0.0864,64.9,10,130.0,0.0921,62.4,1,10.0,111.0,0.0865,72.3,1,10.0,92.0,0.0806,59.6,0,,,,,0,,,,,0,,,,,0,,,,,0,,,,,0
2026-01-06 16:30:00,421238,4,580,E,ML,3.005,30,67,323.0,0.0706,61.0,10,125.0,0.0659,63.5,1,10.0,108.0,0.0714,61.1,1,10.0,90.0,0.0746,57.5,0,,,,,0,,,,,0,,,,,0,,,,,0,,,,,0
2026-01-06 16:35:00,421237,4,580,E,ML,1.513,30,67,322.0,0.0897,62.7,10,122.0,0.0919,60.4,1,10.0,105.0,0.09,69.6,1,10.0,95.0,0.0873,57.9,0,,,,,0,,,,,0,,,,,0,,,,,0,,,,,0
2026-01-06 16:35:00,421238,4,580,E,ML,3.005,30,67,325.0,0.0767,58.8,10,125.0,0.0731,61.2,1,10.0,107.0,0.0753,59.1,1,10.0,93.0,0.0816,55.3,0,,,,,0,,,,,0,,,,,0,,,,,0,,,,,0
2026-01-06 16:40:00,421237,4,580,E,ML,1.513,30,67,358.0,0.0998,61.6,10,137.0,0.1038,59.2,1,10.0,120.0,0.103,68.2,1,10.0,101.0,0.0927,57.2,0,,,,,0,,,,,0,,,,,0,,,,,0,,,,,0
2026-01-06 16:40:00,421238,4,580,E,ML,3.005,30,67,343.0,0.0795,58.6,10,127.0,0.0692,62.2,1,10.0,118.0,0.0841,57.8,1,10.0,98.0,0.0853,54.8,0,,,,,0,,,,,0,,,,,0,,,,,0,,,,,0
2026-01-06 16:45:00,421237,4,580,E,ML,1.513,30,67,336.0,0.0945,61.1,10,126.0,0.0901,60.4,1,10.0,114.0,0.1032,65.7,1,10.0,96.0,0.0903,56.4,0,,,,,0,,,,,0,,,,,0,,,,,0,,,,,0
2026-01-06 16:45:00,421238,4,580,E,ML,3.005,30,67,322.0,0.0734,58.6,10,128.0,0.069,63.0,1,10.0,102.0,0.0728,57.1,1,10.0,92.0,0.0784,54.2,0,,,,,0,,,,,0,,,,,0,,,,,0,,,,,0
2026-01-06 16:50:00,421237,4,580,E,ML,1.513,30,67,371.0,0.0972,62.7,10,139.0,0.1005,60.6,1,10.0,125.0,0.0986,69.2,1,10.0,107.0,0.0926,58.0,0,,,,,0,,,,,0,,,,,0,,,,,0,,,,,0
2026-01-06 16:50:00,421238,4,580,E,ML,3.005,30,67,344.0,0.0815,57.6,10,130.0,0.0765,60.8,1,10.0,116.0,0.0819,57.0,1,10.0,98.0,0.0862,53.9,0,,,,,0,,,,,0,,,,,0,,,,,0,,,,,0
2026-01-06 16:55:00,421237,4,580,E,ML,1.513,30,67,354.0,0.1072,59.1,10,137.0,0.1153,56.4,1,10.0,117.0,0.1089,65.4,1,10.0,100.0,0.0975,55.5,0,,,,,0,,,,,0,,,,,0,,,,,0,,,,,0
2026-01-06 16:55:00,421238,4,580,E,ML,3.005,30,67,331.0,0.0792,56.6,10,126.0,0.0764,58.8,1,10.0,108.0,0.0763,57.0,1,10.0,97.0,0.0849,53.3,0,,,,,0,,,,,0,,,,,0,,,,,0,,,,,0
2026-01-06 17:00:00,421237,4,580,E,ML,1.513,30,67,323.0,0.0881,60.3,10,129.0,0.0944,58.3,1,10.0,101.0,0.0846,66.9,1,10.0,93.0,0.0853,55.9,0,,,,,0,,,,,0,,,,,0,,,,,0,,,,,0
2026-01-06 17:00:00,421238,4,580,E,ML,3.005,30,67,363.0,0.0913,54.9,10,141.0,0.0888,56.7,1,10.0,122.0,0.0937,54.7,1,10.0,100.0,0.0915,52.7,0,,,,,0,,,,,0,,,,,0,,,,,0,,,,,0
2026-01-06 17:05:00,421237,4,580,E,ML,1.513,30,67,344.0,0.0886,63.2,10,124.0,0.0877,60.3,1,10.0,118.0,0.0911,70.5,1,10.0,102.0,0.0869,58.4,0,,,,,0,,,,,0,,,,,0,,,,,0,,,,,0
2026-01-06 17:05:00,421238,4,580,E,ML,3.005,30,67,311.0,0.0684,58.1,10,111.0,0.0598,60.3,1,10.0,107.0,0.0677,59.1,1,10.0,93.0,0.0778,54.5,0,,,,,0,,,,,0,,,,,0,,,,,0,,,,,0
2026-01-06 17:10:00,421237,4,580,E,ML,1.513,30,67,343.0,0.0949,62.0,10,138.0,0.1061,58.8,1,10.0,111.0,0.0926,69.6,1,10.0,94.0,0.0861,57.7,0,,,,,0,,,,,0,,,,,0,,,,,0,,,,,0
2026-01-06 17:10:00,421238,4,580,E,ML,3.005,30,67,321.0,0.0723,59.1,10,119.0,0.0644,62.0,1,10.0,111.0,0.0738,59.8,1,10.0,91.0,0.0787,54.6,0,,,,,0,,,,,0,,,,,0,,,,,0,,,,,0
2026-01-06 17:15:00,421237,4,580,E,ML,1.513,30,67,314.0,0.0834,62.8,10,124.0,0.0843,61.8,1,10.0,100.0,0.0849,68.5,1,10.0,90.0,0.081,57.7,0,,,,,0,,,,,0,,,,,0,,,,,0,,,,,0
2026-01-06 17:15:00,421238,4,580,E,ML,3.005,30,67,335.0,0.0764,59.0,10,131.0,0.0753,61.0,1,10.0,111.0,0.0737,60.2,1,10.0,93.0,0.0803,54.8,0,,,,,0,,,,,0,,,,,0,,,,,0,,,,,0
2026-01-06 17:20:00,421237,4,580,E,ML,1.513,30,67,340.0,0.0935,62.1,10,132.0,0.0951,61.4,1,10.0,112.0,0.0965,67.5,1,10.0,96.0,0.0889,56.8,0,,,,,0,,,,,0,,,,,0,,,,,0,,,,,0
2026-01-06 17:20:00,421238,4,580,E,ML,3.005,30,67,323.0,0.0766,57.8,10,121.0,0.0711,59.8,1,10.0,113.0,0.0806,58.3,1,10.0,89.0,0.0782,54.4,0,,,,,0,,,,,0,,,,,0,,,,,0,,,,,0
2026-01-06 17:25:00,421237,4,580,E,ML,1.513,30,67,349.0,0.095,62.3,10,127.0,0.0963,59.7,1,10.0,121.0,0.0972,69.4,1,10.0,101.0,0.0916,56.9,0,,,,,0,,,,,0,,,,,0,,,,,0,,,,,0
2026-01-06 17:25:00,421238,4,580,E,ML,3.005,30,67,315.0,0.0749,57.3,10,119.0,0.07,59.2,1,10.0,104.0,0.0725,58.0,1,10.0,92.0,0.0821,54.2,0,,,,,0,,,,,0,,,,,0,,,,,0,,,,,0
2026-01-06 17:30:00,421237,4,580,E,ML,1.513,30,67,350.0,0.0967,61.7,10,133.0,0.104,58.0,1,10.0,118.0,0.0972,69.5,1,10.0,99.0,0.089,57.4,0,,,,,0,,,,,0,,,,,0,,,,,0,,,,,0
2026-01-06 17:30:00,421238,4,580,E,ML,3.005,30,67,328.0,0.0772,57.0,10,114.0,0.0676,58.6,1,10.0,118.0,0.0812,58.2,1,10.0,96.0,0.0828,53.7,0,,,,,0,,,,,0,,,,,0,,,,,0,,,,,0
2026-01-06 17:35:00,421237,4,580,E,ML,1.513,30,67,324.0,0.0952,59.5,10,124.0,0.094,58.0,1,10.0,105.0,0.0996,64.9,1,10.0,95.0,0.0919,55.4,0,,,,,0,,,,,0,,,,,0,,,,,0,,,,,0
2026-01-06 17:35:00,421238,4,580,E,ML,3.005,30,67,345.0,0.082,56.4,10,130.0,0.0786,57.8,1,10.0,117.0,0.0823,57.7,1,10.0,98.0,0.0852,53.1,0,,,,,0,,,,,0,,,,,0,,,,,0,,,,,0
2026-01-06 17:40:00,421237,4,580,E,ML,1.513,30,67,322.0,0.0904,60.1,10,116.0,0.0871,58.3,1,10.0,112.0,0.0954,66.1,1,10.0,94.0,0.0886,55.1,0,,,,,0,,,,,0,,,,,0,,,,,0,,,,,0
2026-01-06 17:40:00,421238,4,580,E,ML,3.005,30,67,290.0,0.0708,55.8,10,105.0,0.0617,58.2,1,10.0,98.0,0.0714,56.5,1,10.0,87.0,0.0793,52.1,0,,,,,0,,,,,0,,,,,0,,,,,0,,,,,0
2026-01-06 17:45:00,421237,4,580,E,ML,1.513,30,67,315.0,0.0873,60.4,10,121.0,0.0911,58.4,1,10.0,103.0,0.0874,66.8,1,10.0,91.0,0.0833,56.0,0,,,,,0,,,,,0,,,,,0,,,,,0,,,,,0
2026-01-06 17:45:00,421238,4,580,E,ML,3.005,30,67,330.0,0.0773,56.6,10,125.0,0.0707,59.6,1,10.0,112.0,0.0805,56.2,1,10.0,93.0,0.0806,53.0,0,,,,,0,,,,,0,,,,,0,,,,,0,,,,,0
2026-01-06 17:50:00,421237,4,580,E,ML,1.513,30,67,323.0,0.0905,60.3,10,124.0,0.0943,58.1,1,10.0,105.0,0.0892,67.1,1,10.0,94.0,0.0881,55.6,0,,,,,0,,,,,0,,,,,0,,,,,0,,,,,0
2026-01-06 17:50:00,421238,4,580,E,ML,3.005,30,67,299.0,0.0713,56.4,10,105.0,0.0609,59.5,1,10.0,102.0,0.0716,56.7,1,10.0,92.0,0.0813,52.5,0,,,,,0,,,,,0,,,,,0,,,,,0,,,,,0
2026-01-06 17:55:00,421237,4,580,E,ML,1.513,30,67,299.0,0.0817,61.3,10,112.0,0.0795,60.0,1,10.0,101.0,0.0858,67.3,1,10.0,86.0,0.0799,56.1,0,,,,,0,,,,,0,,,,,0,,,,,0,,,,,0
2026-01-06 17:55:00,421238,4,580,E,ML,3.005,30,67,287.0,0.0665,57.1,10,108.0,0.0641,58.8,1,10.0,95.0,0.064,58.2,1,10.0,84.0,0.0713,53.5,0,,,,,0,,,,,0,,,,,0,,,,,0,,,,,0
2026-01-06 18:00:00,421237,4,580,E,ML,1.513,30,67,300.0,0.0838,61.0,10,111.0,0.0804,60.4,1,10.0,100.0,0.0875,66.4,1,10.0,89.0,0.0834,55.8,0,,,,,0,,,,,0,,,,,0,,,,,0,,,,,0
2026-01-06 18:00:00,421238,4,580,E,ML,3.005,30,67,311.0,0.0741,56.8,10,117.0,0.0676,59.2,1,10.0,106.0,0.0759,57.2,1,10.0,88.0,0.0789,53.3,0,,,,,0,,,,,0,,,,,0,,,,,0,,,,,0
2026-01-06 18:05:00,421237,4,580,E,ML,1.513,30,67,316.0,0.091,60.1,10,110.0,0.0865,58.2,1,10.0,112.0,0.0981,65.9,1,10.0,94.0,0.0884,55.5,0,,,,,0,,,,,0,,,,,0,,,,,0,,,,,0
2026-01-06 18:05:00,421238,4,580,E,ML,3.005,30,67,281.0,0.0651,57.4,10,99.0,0.0557,60.2,1,10.0,95.0,0.0644,58.3,1,10.0,87.0,0.0752,53.2,0,,,,,0,,,,,0,,,,,0,,,,,0,,,,,0
2026-01-06 18:10:00,421237,4,580,E,ML,1.513,30,67,292.0,0.0824,60.2,10,100.0,0.0764,57.9,1,10.0,102.0,0.0868,66.6,1,10.0,90.0,0.0839,55.6,0,,,,,0,,,,,0,,,,,0,,,,,0,,,,,0
2026-01-06 18:10:00,421238,4,580,E,ML,3.005,30,67,298.0,0.0727,56.5,10,105.0,0.0633,58.7,1,10.0,106.0,0.0758,57.3,1,10.0,87.0,0.0789,52.8,0,,,,,0,,,,,0,,,,,0,,,,,0,,,,,0
2026-01-06 18:15:00,421237,4,580,E,ML,1.513,30,67,323.0,0.0902,60.4,10,120.0,0.09,58.3,1,10.0,109.0,0.0925,67.0,1,10.0,94.0,0.0882,55.5,0,,,,,0,,,,,0,,,,,0,,,,,0,,,,,0
2026-01-06 18:15:00,421238,4,580,E,ML,3.005,30,67,320.0,0.0778,56.0,10,114.0,0.0691,57.8,1,10.0,114.0,0.0806,57.1,1,10.0,92.0,0.0836,52.4,0,,,,,0,,,,,0,,,,,0,,,,,0,,,,,0
2026-01-06 18:20:00,421237,4,580,E,ML,1.513,30,67,291.0,0.0803,60.8,10,110.0,0.079,59.8,1,10.0,94.0,0.0808,66.8,1,10.0,87.0,0.081,55.5,0,,,,,0,,,,,0,,,,,0,,,,,0,,,,,0
2026-01-06 18:20:00,421238,4,580,E,ML,3.005,30,67,304.0,0.0723,56.0,10,119.0,0.072,57.4,1,10.0,99.0,0.0687,57.5,1,10.0,86.0,0.0763,52.2,0,,,,,0,,,,,0,,,,,0,,,,,0,,,,,0
2026-01-06 18:25:00,421237,4,580,E,ML,1.513,30,67,318.0,0.0909,60.2,10,120.0,0.0884,59.8,1,10.0,107.0,0.0971,65.0,1,10.0,91.0,0.0873,55.0,0,,,,,0,,,,,0,,,,,0,,,,,0,,,,,0
2026-01-06 18:25:00,421238,4,580,E,ML,3.005,30,67,301.0,0.0724,56.2,10,110.0,0.0624,59.1,1,10.0,104.0,0.0758,56.3,1,10.0,87.0,0.0789,52.3,0,,,,,0,,,,,0,,,,,0,,,,,0,,,,,0
2026-01-06 18:30:00,421237,4,580,E,ML,1.513,30,67,273.0,0.0814,58.3,10,100.0,0.075,59.2,1,10.0,87.0,0.0848,61.9,1,10.0,86.0,0.0843,53.6,0,,,,,0,,,,,0,,,,,0,,,,,0,,,,,0
2026-01-06 18:30:00,421238,4,580,E,ML,3.005,30,67,320.0,0.0788,55.3,10,115.0,0.069,58.3,1,10.0,116.0,0.0873,54.9,1,10.0,89.0,0.0801,52.0,0,,,,,0,,,,,0,,,,,0,,,,,0,,,,,0
2026-01-06 18:35:00,421237,4,580,E,ML,1.513,30,67,328.0,0.0966,57.7,10,132.0,0.1059,57.0,1,10.0,103.0,0.0947,62.1,1,10.0,93.0,0.0891,53.7,0,,,,,0,,,,,0,,,,,0,,,,,0,,,,,0
2026-01-06 18:35:00,421238,4,580,E,ML,3.005,30,67,296.0,0.0725,55.1,10,104.0,0.0625,57.8,1,10.0,102.0,0.0739,55.2,1,10.0,90.0,0.081,51.9,0,,,,,0,,,,,0,,,,,0,,,,,0,,,,,0
2026-01-06 18:40:00,421237,4,580,E,ML,1.513,30,67,308.0,0.0919,57.1,10,115.0,0.0886,57.1,1,10.0,100.0,0.0957,61.0,1,10.0,93.0,0.0915,52.8,0,,,,,0,,,,,0,,,,,0,,,,,0,,,,,0
2026-01-06 18:40:00,421238,4,580,E,ML,3.005,30,67,337.0,0.083,54.7,10,130.0,0.0784,57.5,1,10.0,114.0,0.0836,55.0,1,10.0,93.0,0.0869,50.6,0,,,,,0,,,,,0,,,,,0,,,,,0,,,,,0
2026-01-06 18:45:00,421237,4,580,E,ML,1.513,30,67,251.0,0.0682,59.8,10,97.0,0.067,60.4,1,10.0,79.0,0.068,63.8,1,10.0,75.0,0.0697,54.9,0,,,,,0,,,,,0,,,,,0,,,,,0,,,,,0
2026-01-06 18:45:00,421238,4,580,E,ML,3.005,30,67,281.0,0.0652,56.7,10,105.0,0.0581,59.9,1,10.0,99.0,0.0679,56.8,1,10.0,77.0,0.0695,52.3,0,,,,,0,,,,,0,,,,,0,,,,,0,,,,,0
2026-01-06 18:50:00,421237,4,580,E,ML,1.513,30,67,258.0,0.0703,61.4,10,79.0,0.0556,61.5,1,10.0,93.0,0.0772,66.4,1,10.0,86.0,0.0782,56.0,0,,,,,0,,,,,0,,,,,0,,,,,0,,,,,0
2026-01-06 18:50:00,421238,4,580,E,ML,3.005,30,67,243.0,0.0571,57.4,10,79.0,0.0442,61.0,1,10.0,84.0,0.057,58.1,1,10.0,80.0,0.0702,53.2,0,,,,,0,,,,,0,,,,,0,,,,,0,,,,,0
2026-01-06 18:55:00,421237,4,580,E,ML,1.513,30,67,208.0,0.0549,63.8,10,61.0,0.0408,63.9,1,10.0,75.0,0.059,69.6,1,10.0,72.0,0.0649,57.5,0,,,,,0,,,,,0,,,,,0,,,,,0,,,,,0
2026-01-06 18:55:00,421238,4,580,E,ML,3.005,30,67,225.0,0.0514,58.9,10,77.0,0.0419,62.4,1,10.0,76.0,0.0508,59.2,1,10.0,72.0,0.0615,54.7,0,,,,,0,,,,,0,,,,,0,,,,,0,,,,,0
2026-01-06 19:00:00,421237,4,580,E,ML,1.513,30,67,241.0,0.0649,65.4,10,88.0,0.0626,66.4,1,10.0,78.0,0.0647,69.3,1,10.0,75.0,0.0674,60.2,0,,,,,0,,,,,0,,,,,0,,,,,0,,,,,0
2026-01-06 19:00:00,421238,4,580,E,ML,3.005,30,67,212.0,0.0473,61.9,10,62.0,0.0324,67.8,1,10.0,77.0,0.0487,61.5,1,10.0,73.0,0.0609,57.2,0,,,,,0,,,,,0,,,,,0,,,,,0,,,,,0
2026-01-06 19:05:00,421237,4,580,E,ML,1.513,30,67,259.0,0.0737,64.3,10,88.0,0.0656,66.1,1,10.0,88.0,0.0778,67.0,1,10.0,83.0,0.0776,59.7,0,,,,,0,,,,,0,,,,,0,,,,,0,,,,,0
2026-01-06 19:05:00,421238,4,580,E,ML,3.005,30,67,268.0,0.0628,62.4,10,98.0,0.0552,68.1,1,10.0,91.0,0.0622,60.2,1,10.0,79.0,0.071,57.8,0,,,,,0,,,,,0,,,,,0,,,,,0,,,,,0
2026-01-06 19:10:00,421237,4,580,E,ML,1.513,30,67,253.0,0.0726,63.8,10,87.0,0.0606,68.2,1,10.0,86.0,0.0795,64.5,1,10.0,80.0,0.0778,58.2,0,,,,,0,,,,,0,,,,,0,,,,,0,,,,,0
2026-01-06 19:10:00,421238,4,580,E,ML,3.005,30,67,235.0,0.0549,62.4,10,77.0,0.0429,68.6,1,10.0,81.0,0.0541,60.2,1,10.0,77.0,0.0677,58.6,0,,,,,0,,,,,0,,,,,0,,,,,0,,,,,0
2026-01-06 19:15:00,421237,4,580,E,ML,1.513,30,67,249.0,0.0676,65.6,10,86.0,0.0559,71.8,1,10.0,85.0,0.0737,65.3,1,10.0,78.0,0.0731,59.0,0,,,,,0,,,,,0,,,,,0,,,,,0,,,,,0
2026-01-06 19:15:00,421238,4,580,E,ML,3.005,30,67,272.0,0.0631,62.5,10,101.0,0.0544,70.0,1,10.0,93.0,0.0653,58.7,1,10.0,78.0,0.0696,57.5,0,,,,,0,,,,,0,,,,,0,,,,,0,,,,,0
2026-01-06 19:20:00,421237,4,580,E,ML,1.513,30,67,227.0,0.067,63.6,10,73.0,0.0525,70.0,1,10.0,79.0,0.076,62.4,1,10.0,75.0,0.0724,58.6,0,,,,,0,,,,,0,,,,,0,,,,,0,,,,,0
2026-01-06 19:20:00,421238,4,580,E,ML,3.005,30,67,238.0,0.0557,61.9,10,88.0,0.0508,68.4,1,10.0,76.0,0.0531,58.2,1,10.0,74.0,0.0632,58.1,0,,,,,0,,,,,0,,,,,0,,,,,0,,,,,0
2026-01-06 19:25:00,421237,4,580,E,ML,1.513,30,67,207.0,0.0562,65.4,10,63.0,0.0404,73.0,1,10.0,73.0,0.0626,64.6,1,10.0,71.0,0.0657,59.6,0,,,,,0,,,,,0,,,,,0,,,,,0,,,,,0
2026-01-06 19:25:00,421238,4,580,E,ML,3.005,30,67,209.0,0.0482,62.5,10,61.0,0.0321,70.6,1,10.0,79.0,0.0515,60.0,1,10.0,69.0,0.0611,58.2,0,,,,,0,,,,,0,,,,,0,,,,,0,,,,,0
2026-01-06 19:30:00,421237,4,580,E,ML,1.513,30,67,230.0,0.0623,66.4,10,69.0,0.0472,72.3,1,10.0,83.0,0.0685,67.0,1,10.0,78.0,0.0711,60.5,0,,,,,0,,,,,0,,,,,0,,,,,0,,,,,0
2026-01-06 19:30:00,421238,4,580,E,ML,3.005,30,67,179.0,0.0423,63.3,10,51.0,0.0268,71.6,1,10.0,64.0,0.0416,61.2,1,10.0,64.0,0.0585,58.7,0,,,,,0,,,,,0,,,,,0,,,,,0,,,,,0
2026-01-06 19:35:00,421237,4,580,E,ML,1.513,30,67,194.0,0.054,66.0,10,57.0,0.039,72.0,1,10.0,68.0,0.0583,66.9,1,10.0,69.0,0.0646,60.1,0,,,,,0,,,,,0,,,,,0,,,,,0,,,,,0
2026-01-06 19:35:00,421238,4,580,E,ML,3.005,30,67,220.0,0.0519,62.9,10,75.0,0.0412,70.9,1,10.0,74.0,0.0524,59.1,1,10.0,71.0,0.062,58.4,0,,,,,0,,,,,0,,,,,0,,,,,0,,,,,0
2026-01-06 19:40:00,421237,4,580,E,ML,1.513,30,67,194.0,0.0537,66.0,10,65.0,0.0434,72.7,1,10.0,62.0,0.0541,66.3,1,10.0,67.0,0.0636,59.3,0,,,,,0,,,,,0,,,,,0,,,,,0,,,,,0
2026-01-06 19:40:00,421238,4,580,E,ML,3.005,30,67,186.0,0.0436,63.8,10,67.0,0.0349,72.2,1,10.0,58.0,0.0392,59.8,1,10.0,61.0,0.0567,58.5,0,,,,,0,,,,,0,,,,,0,,,,,0,,,,,0
2026-01-06 19:45:00,421237,4,580,E,ML,1.513,30,67,196.0,0.0572,64.3,10,64.0,0.0444,71.7,1,10.0,66.0,0.0622,63.5,1,10.0,66.0,0.0651,58.0,0,,,,,0,,,,,0,,,,,0,,,,,0,,,,,0
2026-01-06 19:45:00,421238,4,580,E,ML,3.005,30,67,205.0,0.0492,63.1,10,67.0,0.0356,72.3,1,10.0,73.0,0.0515,58.5,1,10.0,65.0,0.0605,58.7,0,,,,,0,,,,,0,,,,,0,,,,,0,,,,,0
2026-01-06 19:50:00,421237,4,580,E,ML,1.513,30,67,166.0,0.0433,66.9,10,44.0,0.0267,74.3,1,10.0,59.0,0.0463,68.2,1,10.0,63.0,0.057,60.5,0,,,,,0,,,,,0,,,,,0,,,,,0,,,,,0
2026-01-06 19:50:00,421238,4,580,E,ML,3.005,30,67,188.0,0.0437,63.2,10,63.0,0.0322,73.4,1,10.0,62.0,0.0434,58.3,1,10.0,63.0,0.0556,57.9,0,,,,,0,,,,,0,,,,,0,,,,,0,,,,,0
2026-01-06 19:55:00,421237,4,580,E,ML,1.513,30,67,162.0,0.0442,67.3,10,44.0,0.0285,74.3,1,10.0,57.0,0.0479,68.2,1,10.0,61.0,0.0563,61.3,0,,,,,0,,,,,0,,,,,0,,,,,0,,,,,0
2026-01-06 19:55:00,421238,4,580,E,ML,3.005,30,67,144.0,0.0331,63.9,10,42.0,0.0216,73.2,1,10.0,46.0,0.0292,61.9,1,10.0,56.0,0.0485,58.6,0,,,,,0,,,,,0,,,,,0,,,,,0,,,,,0
2026-01-06 20:00:00,421237,4,580,E,ML,1.513,30,67,168.0,0.0497,64.5,10,44.0,0.0291,72.6,1,10.0,61.0,0.058,64.2,1,10.0,63.0,0.0619,59.1,0,,,,,0,,,,,0,,,,,0,,,,,0,,,,,0
2026-01-06 20:00:00,421238,4,580,E,ML,3.005,30,67,169.0,0.0416,64.6,10,52.0,0.0264,72.8,1,10.0,58.0,0.0429,62.6,1,10.0,59.0,0.0555,59.3,0,,,,,0,,,,,0,,,,,0,,,,,0,,,,,0
2026-01-06 20:05:00,421237,4,580,E,ML,1.513,30,67,171.0,0.0513,62.7,10,53.0,0.0359,70.9,1,10.0,57.0,0.0562,61.2,1,10.0,61.0,0.0617,56.9,0,,,,,0,,,,,0,,,,,0,,,,,0,,,,,0
2026-01-06 20:05:00,421238,4,580,E,ML,3.005,30,67,171.0,0.0426,64.1,10,58.0,0.0301,72.1,1,10.0,55.0,0.0418,62.2,1,10.0,58.0,0.0558,58.0,0,,,,,0,,,,,0,,,,,0,,,,,0,,,,,0
2026-01-06 20:10:00,421237,4,580,E,ML,1.513,30,67,177.0,0.051,62.7,10,47.0,0.0326,69.5,1,10.0,65.0,0.0581,62.7,1,10.0,65.0,0.0624,57.8,0,,,,,0,,,,,0,,,,,0,,,,,0,,,,,0
2026-01-06 20:10:00,421238,4,580,E,ML,3.005,30,67,160.0,0.0383,64.9,10,48.0,0.0253,71.5,1,10.0,54.0,0.0361,65.9,1,10.0,58.0,0.0534,58.4,0,,,,,0,,,,,0,,,,,0,,,,,0,,,,,0
2026-01-06 20:15:00,421237,4,580,E,ML,1.513,30,67,163.0,0.0446,64.5,10,42.0,0.0273,70.6,1,10.0,59.0,0.0492,65.7,1,10.0,62.0,0.0573,59.3,0,,,,,0,,,,,0,,,,,0,,,,,0,,,,,0
2026-01-06 20:15:00,421238,4,580,E,ML,3.005,30,67,153.0,0.0362,65.8,10,46.0,0.0235,71.8,1,10.0,50.0,0.0341,67.2,1,10.0,57.0,0.051,59.8,0,,,,,0,,,,,0,,,,,0,,,,,0,,,,,0
2026-01-06 20:20:00,421237,4,580,E,ML,1.513,30,67,152.0,0.0413,66.1,10,35.0,0.0232,70.9,1,10.0,57.0,0.0461,68.2,1,10.0,60.0,0.0545,61.3,0,,,,,0,,,,,0,,,,,0,,,,,0,,,,,0
2026-01-06 20:20:00,421238,4,580,E,ML,3.005,30,67,167.0,0.0384,67.3,10,48.0,0.0264,70.5,1,10.0,60.0,0.038,70.1,1,10.0,59.0,0.0509,62.0,0,,,,,0,,,,,0,,,,,0,,,,,0,,,,,0
2026-01-06 20:25:00,421237,4,580,E,ML,1.513,30,67,163.0,0.0485,63.6,10,48.0,0.0327,70.0,1,10.0,54.0,0.0527,63.5,1,10.0,61.0,0.0602,58.7,0,,,,,0,,,,,0,,,,,0,,,,,0,,,,,0
2026-01-06 20:25:00,421238,4,580,E,ML,3.005,30,67,150.0,0.0359,66.9,10,48.0,0.0243,71.5,1,10.0,47.0,0.0317,69.6,1,10.0,55.0,0.0517,60.7,0,,,,,0,,,,,0,,,,,0,,,,,0,,,,,0
2026-01-06 20:30:00,421237,4,580,E,ML,1.513,30,67,148.0,0.0463,61.1,10,39.0,0.0249,71.2,1,10.0,51.0,0.0544,58.7,1,10.0,58.0,0.0596,56.3,0,,,,,0,,,,,0,,,,,0,,,,,0,,,,,0
2026-01-06 20:30:00,421238,4,580,E,ML,3.005,30,67,150.0,0.0365,66.0,10,46.0,0.0245,71.1,1,10.0,49.0,0.0338,68.8,1,10.0,55.0,0.0512,59.1,0,,,,,0,,,,,0,,,,,0,,,,,0,,,,,0
2026-01-06 20:35:00,421237,4,580,E,ML,1.513,30,67,162.0,0.0449,63.5,10,49.0,0.033,70.4,1,10.0,54.0,0.0465,62.7,1,10.0,59.0,0.0551,58.6,0,,,,,0,,,,,0,,,,,0,,,,,0,,,,,0
2026-01-06 20:35:00,421238,4,580,E,ML,3.005,30,67,161.0,0.0386,65.8,10,47.0,0.025,70.9,1,10.0,56.0,0.0391,67.9,1,10.0,58.0,0.0518,59.6,0,,,,,0,,,,,0,,,,,0,,,,,0,,,,,0
2026-01-06 20:40:00,421237,4,580,E,ML,1.513,30,67,129.0,0.035,65.1,10,33.0,0.0216,71.0,1,10.0,41.0,0.0328,66.9,1,10.0,55.0,0.0507,60.1,0,,,,,0,,,,,0,,,,,0,,,,,0,,,,,0
2026-01-06 20:40:00,421238,4,580,E,ML,3.005,30,67,148.0,0.0348,66.2,10,42.0,0.022,71.1,1,10.0,48.0,0.0323,68.6,1,10.0,58.0,0.0501,60.7,0,,,,,0,,,,,0,,,,,0,,,,,0,,,,,0
2026-01-06 20:45:00,421237,4,580,E,ML,1.513,30,67,141.0,0.0381,66.2,10,34.0,0.0196,72.8,1,10.0,50.0,0.0417,67.8,1,10.0,57.0,0.0529,60.9,0,,,,,0,,,,,0,,,,,0,,,,,0,,,,,0
2026-01-06 20:45:00,421238,4,580,E,ML,3.005,30,67,142.0,0.0331,67.2,10,40.0,0.0195,72.1,1,10.0,48.0,0.0316,69.5,1,10.0,54.0,0.0482,61.5,0,,,,,0,,,,,0,,,,,0,,,,,0,,,,,0
2026-01-06 20:50:00,421237,4,580,E,ML,1.513,30,67,135.0,0.0372,66.3,10,35.0,0.0222,72.6,1,10.0,46.0,0.039,67.8,1,10.0,54.0,0.0504,61.0,0,,,,,0,,,,,0,,,,,0,,,,,0,,,,,0
2026-01-06 20:50:00,421238,4,580,E,ML,3.005,30,67,117.0,0.0271,66.9,10,28.0,0.0138,72.2,1,10.0,38.0,0.0235,70.8,1,10.0,51.0,0.0439,61.0,0,,,,,0,,,,,0,,,,,0,,,,,0,,,,,0
2026-01-06 20:55:00,421237,4,580,E,ML,1.513,30,67,136.0,0.0385,65.3,10,35.0,0.0227,72.2,1,10.0,45.0,0.0405,66.0,1,10.0,56.0,0.0522,60.5,0,,,,,0,,,,,0,,,,,0,,,,,0,,,,,0
2026-01-06 20:55:00,421238,4,580,E,ML,3.005,30,67,121.0,0.0301,66.6,10,35.0,0.0168,72.6,1,10.0,38.0,0.0278,68.4,1,10.0,48.0,0.0457,60.7,0,,,,,0,,,,,0,,,,,0,,,,,0,,,,,0
2026-01-06 21:00:00,421237,4,580,E,ML,1.513,30,67,149.0,0.0415,65.2,10,29.0,0.0201,70.9,1,10.0,59.0,0.0485,67.1,1,10.0,61.0,0.056,60.6,0,,,,,0,,,,,0,,,,,0,,,,,0,,,,,0
2026-01-06 21:00:00,421238,4,580,E,ML,3.005,30,67,145.0,0.0342,66.0,10,45.0,0.0228,72.0,1,10.0,46.0,0.031,67.5,1,10.0,54.0,0.0487,59.6,0,,,,,0,,,,,0,,,,,0,,,,,0,,,,,0
2026-01-06 21:05:00,421237,4,580,E,ML,1.513,30,67,124.0,0.0347,65.2,10,31.0,0.0211,70.3,1,10.0,41.0,0.0346,67.1,1,10.0,52.0,0.0483,60.6,0,,,,,0,,,,,0,,,,,0,,,,,0,,,,,0
2026-01-06 21:05:00,421238,4,580,E,ML,3.005,30,67,127.0,0.0296,65.7,10,32.0,0.0156,72.1,1,10.0,43.0,0.028,68.0,1,10.0,52.0,0.0453,59.8,0,,,,,0,,,,,0,,,,,0,,,,,0,,,,,0
2026-01-06 21:10:00,421237,4,580,E,ML,1.513,30,67,145.0,0.0423,63.4,10,40.0,0.0272,69.3,1,10.0,48.0,0.0454,63.4,1,10.0,57.0,0.0544,59.2,0,,,,,0,,,,,0,,,,,0,,,,,0,,,,,0
2026-01-06 21:10:00,421238,4,580,E,ML,3.005,30,67,130.0,0.0325,65.3,10,39.0,0.0214,70.8,1,10.0,42.0,0.0288,67.1,1,10.0,49.0,0.0472,59.5,0,,,,,0,,,,,0,,,,,0,,,,,0,,,,,0
2026-01-06 21:15:00,421237,4,580,E,ML,1.513,30,67,139.0,0.0377,64.5,10,37.0,0.0229,70.7,1,10.0,46.0,0.0385,65.3,1,10.0,56.0,0.0517,59.6,0,,,,,0,,,,,0,,,,,0,,,,,0,,,,,0
2026-01-06 21:15:00,421238,4,580,E,ML,3.005,30,67,157.0,0.0376,65.0,10,42.0,0.023,69.9,1,10.0,58.0,0.0385,66.9,1,10.0,57.0,0.0513,59.4,0,,,,,0,,,,,0,,,,,0,,,,,0,,,,,0
2026-01-06 21:20:00,421237,4,580,E,ML,1.513,30,67,130.0,0.0333,67.0,10,28.0,0.0164,71.8,1,10.0,47.0,0.0344,70.3,1,10.0,55.0,0.0491,61.7,0,,,,,0,,,,,0,,,,,0,,,,,0,,,,,0
2026-01-06 21:20:00,421238,4,580,E,ML,3.005,30,67,130.0,0.0299,65.5,10,35.0,0.0169,71.1,1,10.0,42.0,0.027,68.0,1,10.0,53.0,0.0458,59.9,0,,,,,0,,,,,0,,,,,0,,,,,0,,,,,0
2026-01-06 21:25:00,421237,4,580,E,ML,1.513,30,67,120.0,0.0333,66.3,10,27.0,0.0178,71.4,1,10.0,41.0,0.0341,69.1,1,10.0,52.0,0.0479,61.4,0,,,,,0,,,,,0,,,,,0,,,,,0,,,,,0
2026-01-06 21:25:00,421238,4,580,E,ML,3.005,30,67,117.0,0.0279,65.7,10,25.0,0.0127,71.4,1,10.0,41.0,0.0265,68.4,1,10.0,51.0,0.0445,60.7,0,,,,,0,,,,,0,,,,,0,,,,,0,,,,,0
2026-01-06 21:30:00,421237,4,580,E,ML,1.513,30,67,113.0,0.0302,66.8,10,23.0,0.0143,71.7,1,10.0,39.0,0.0301,70.4,1,10.0,51.0,0.0463,61.9,0,,,,,0,,,,,0,,,,,0,,,,,0,,,,,0
2026-01-06 21:30:00,421238,4,580,E,ML,3.005,30,67,112.0,0.0264,66.0,10,32.0,0.0159,71.6,1,10.0,33.0,0.0211,68.9,1,10.0,47.0,0.0423,60.2,0,,,,,0,,,,,0,,,,,0,,,,,0,,,,,0
2026-01-06 21:35:00,421237,4,580,E,ML,1.513,29,67,123.0,0.0325,67.3,9,31.0,0.0187,72.1,1,10.0,39.0,0.0304,70.8,1,10.0,53.0,0.0484,61.8,0,,,,,0,,,,,0,,,,,0,,,,,0,,,,,0
2026-01-06 21:35:00,421238,4,580,E,ML,3.005,30,67,117.0,0.0288,65.7,10,20.0,0.0101,71.7,1,10.0,45.0,0.0295,68.5,1,10.0,52.0,0.0469,60.9,0,,,,,0,,,,,0,,,,,0,,,,,0,,,,,0
2026-01-06 21:40:00,421237,4,580,E,ML,1.513,30,67,145.0,0.0417,65.1,10,38.0,0.0245,71.4,1,10.0,50.0,0.0466,65.6,1,10.0,57.0,0.054,60.4,0,,,,,0,,,,,0,,,,,0,,,,,0,,,,,0
2026-01-06 21:40:00,421238,4,580,E,ML,3.005,30,67,129.0,0.0295,66.8,10,36.0,0.0181,71.7,1,10.0,40.0,0.0252,69.2,1,10.0,53.0,0.0452,61.7,0,,,,,0,,,,,0,,,,,0,,,,,0,,,,,0
2026-01-06 21:45:00,421237,4,580,E,ML,1.513,30,67,134.0,0.0372,64.8,10,29.0,0.018,71.7,1,10.0,48.0,0.0412,65.6,1,10.0,57.0,0.0523,60.6,0,,,,,0,,,,,0,,,,,0,,,,,0,,,,,0
2026-01-06 21:45:00,421238,4,580,E,ML,3.005,30,67,138.0,0.0321,66.8,10,34.0,0.0173,71.6,1,10.0,50.0,0.0311,69.9,1,10.0,54.0,0.0479,60.9,0,,,,,0,,,,,0,,,,,0,,,,,0,,,,,0
2026-01-06 21:50:00,421237,4,580,E,ML,1.513,30,67,108.0,0.032,63.4,10,21.0,0.0132,71.8,1,10.0,37.0,0.0347,63.6,1,10.0,50.0,0.0482,59.7,0,,,,,0,,,,,0,,,,,0,,,,,0,,,,,0
2026-01-06 21:50:00,421238,4,580,E,ML,3.005,30,67,118.0,0.0278,65.9,10,24.0,0.0115,71.9,1,10.0,42.0,0.0271,69.4,1,10.0,52.0,0.0447,60.4,0,,,,,0,,,,,0,,,,,0,,,,,0,,,,,0
2026-01-06 21:55:00,421237,4,580,E,ML,1.513,28,67,103.0,0.0298,63.3,10,14.0,0.0083,72.0,1,10.0,38.0,0.0333,64.4,1,8.0,51.0,0.0478,60.0,0,,,,,0,,,,,0,,,,,0,,,,,0,,,,,0
2026-01-06 21:55:00,421238,4,580,E,ML,3.005,30,67,105.0,0.0256,65.3,10,22.0,0.0105,72.0,1,10.0,34.0,0.0231,68.5,1,10.0,49.0,0.0433,60.0,0,,,,,0,,,,,0,,,,,0,,,,,0,,,,,0
2026-01-06 22:00:00,421237,4,580,E,ML,1.513,30,67,107.0,0.0289,65.3,10,17.0,0.0106,71.9,1,10.0,39.0,0.03,68.1,1,10.0,51.0,0.0462,61.0,0,,,,,0,,,,,0,,,,,0,,,,,0,,,,,0
2026-01-06 22:00:00,421238,4,580,E,ML,3.005,30,67,110.0,0.0268,65.7,10,24.0,0.0125,71.7,1,10.0,38.0,0.0243,68.6,1,10.0,48.0,0.0435,60.4,0,,,,,0,,,,,0,,,,,0,,,,,0,,,,,0
2026-01-06 22:05:00,421237,4,580,E,ML,1.513,30,67,128.0,0.0332,67.9,10,29.0,0.0186,71.5,1,10.0,46.0,0.033,72.2,1,10.0,53.0,0.048,62.1,0,,,,,0,,,,,0,,,,,0,,,,,0,,,,,0
2026-01-06 22:05:00,421238,4,580,E,ML,3.005,30,67,107.0,0.0263,66.0,10,23.0,0.013,71.2,1,10.0,37.0,0.0229,69.1,1,10.0,47.0,0.0429,60.9,0,,,,,0,,,,,0,,,,,0,,,,,0,,,,,0
2026-01-06 22:10:00,421237,4,580,E,ML,1.513,30,67,131.0,0.0344,68.2,10,26.0,0.0165,71.5,1,10.0,48.0,0.036,73.1,1,10.0,57.0,0.0508,62.6,0,,,,,0,,,,,0,,,,,0,,,,,0,,,,,0
2026-01-06 22:10:00,421238,4,580,E,ML,3.005,30,67,135.0,0.0309,66.4,10,27.0,0.0137,71.4,1,10.0,50.0,0.0307,69.6,1,10.0,58.0,0.0483,61.3,0,,,,,0,,,,,0,,,,,0,,,,,0,,,,,0
2026-01-06 22:15:00,421237,4,580,E,ML,1.513,30,67,113.0,0.033,65.0,10,22.0,0.0133,71.8,1,10.0,39.0,0.0369,66.8,1,10.0,52.0,0.0489,60.7,0,,,,,0,,,,,0,,,,,0,,,,,0,,,,,0
2026-01-06 22:15:00,421238,4,580,E,ML,3.005,30,67,119.0,0.0275,66.7,10,33.0,0.0175,71.1,1,10.0,37.0,0.0224,70.0,1,10.0,49.0,0.0427,61.2,0,,,,,0,,,,,0,,,,,0,,,,,0,,,,,0
2026-01-06 22:20:00,421237,4,580,E,ML,1.513,30,67,103.0,0.0286,65.1,10,21.0,0.0119,72.2,1,10.0,34.0,0.0288,67.1,1,10.0,48.0,0.045,60.7,0,,,,,0,,,,,0,,,,,0,,,,,0,,,,,0
2026-01-06 22:20:00,421238,4,580,E,ML,3.005,30,67,112.0,0.0259,66.7,10,26.0,0.0125,71.6,1,10.0,37.0,0.023,69.8,1,10.0,49.0,0.0422,61.7,0,,,,,0,,,,,0,,,,,0,,,,,0,,,,,0
2026-01-06 22:25:00,421237,4,580,E,ML,1.513,30,67,105.0,0.0292,65.5,10,23.0,0.0144,72.0,1,10.0,35.0,0.0291,67.6,1,10.0,47.0,0.0441,60.8,0,,,,,0,,,,,0,,,,,0,,,,,0,,,,,0
2026-01-06 22:25:00,421238,4,580,E,ML,3.005,30,67,94.0,0.0223,66.5,10,22.0,0.0103,71.9,1,10.0,29.0,0.0176,69.9,1,10.0,43.0,0.0391,61.4,0,,,,,0,,,,,0,,,,,0,,,,,0,,,,,0
2026-01-06 22:30:00,421237,4,580,E,ML,1.513,30,67,83.0,0.024,64.8,10,15.0,0.0092,72.0,1,10.0,25.0,0.022,67.5,1,10.0,43.0,0.0409,60.8,0,,,,,0,,,,,0,,,,,0,,,,,0,,,,,0
2026-01-06 22:30:00,421238,4,580,E,ML,3.005,30,67,100.0,0.0229,66.7,10,24.0,0.0121,71.8,1,10.0,31.0,0.0179,70.4,1,10.0,45.0,0.0387,61.3,0,,,,,0,,,,,0,,,,,0,,,,,0,,,,,0
2026-01-06 22:35:00,421237,4,580,E,ML,1.513,30,67,97.0,0.0262,66.1,10,20.0,0.0119,72.1,1,10.0,31.0,0.0235,69.5,1,10.0,46.0,0.0431,61.1,0,,,,,0,,,,,0,,,,,0,,,,,0,,,,,0
2026-01-06 22:35:00,421238,4,580,E,ML,3.005,30,67,84.0,0.0219,65.1,10,15.0,0.0072,71.9,1,10.0,25.0,0.018,68.8,1,10.0,44.0,0.0404,60.7,0,,,,,0,,,,,0,,,,,0,,,,,0,,,,,0
2026-01-06 22:40:00,421237,4,580,E,ML,1.513,30,67,107.0,0.0323,63.9,10,23.0,0.0152,71.6,1,10.0,36.0,0.0341,65.3,1,10.0,48.0,0.0475,59.2,0,,,,,0,,,,,0,,,,,0,,,,,0,,,,,0
2026-01-06 22:40:00,421238,4,580,E,ML,3.005,30,67,103.0,0.0242,66.3,10,27.0,0.0131,72.0,1,10.0,31.0,0.0185,69.6,1,10.0,45.0,0.0409,60.6,0,,,,,0,,,,,0,,,,,0,,,,,0,,,,,0
2026-01-06 22:45:00,421237,4,580,E,ML,1.513,30,67,95.0,0.0292,62.4,10,22.0,0.013,71.9,1,10.0,28.0,0.0297,61.8,1,10.0,45.0,0.0448,58.2,0,,,,,0,,,,,0,,,,,0,,,,,0,,,,,0
2026-01-06 22:45:00,421238,4,580,E,ML,3.005,30,67,98.0,0.0241,65.2,10,24.0,0.0111,72.2,1,10.0,29.0,0.0205,68.2,1,10.0,45.0,0.0407,59.6,0,,,,,0,,,,,0,,,,,0,,,,,0,,,,,0
2026-01-06 22:50:00,421237,4,580,E,ML,1.513,30,67,80.0,0.0218,64.1,10,15.0,0.0092,71.9,1,10.0,23.0,0.0176,66.2,1,10.0,42.0,0.0385,60.1,0,,,,,0,,,,,0,,,,,0,,,,,0,,,,,0
2026-01-06 22:50:00,421238,4,580,E,ML,3.005,30,67,84.0,0.0198,65.6,10,21.0,0.0101,72.1,1,10.0,23.0,0.0131,69.3,1,10.0,40.0,0.0361,60.0,0,,,,,0,,,,,0,,,,,0,,,,,0,,,,,0
2026-01-06 22:55:00,421237,4,580,E,ML,1.513,30,67,81.0,0.0219,65.2,10,10.0,0.0066,71.8,1,10.0,27.0,0.0191,69.3,1,10.0,44.0,0.0401,61.1,0,,,,,0,,,,,0,,,,,0,,,,,0,,,,,0
2026-01-06 22:55:00,421238,4,580,E,ML,3.005,30,67,71.0,0.0192,64.7,10,12.0,0.0059,72.0,1,10.0,20.0,0.0142,68.8,1,10.0,39.0,0.0376,60.4,0,,,,,0,,,,,0,,,,,0,,,,,0,,,,,0
2026-01-06 23:00:00,421237,4,580,E,ML,1.513,30,67,73.0,0.021,65.2,10,11.0,0.0064,72.0,1,10.0,21.0,0.018,69.3,1,10.0,41.0,0.0385,61.2,0,,,,,0,,,,,0,,,,,0,,,,,0,,,,,0
2026-01-06 23:00:00,421238,4,580,E,ML,3.005,30,67,85.0,0.0213,65.3,10,13.0,0.0074,71.7,1,10.0,29.0,0.0184,68.8,1,10.0,43.0,0.0381,61.0,0,,,,,0,,,,,0,,,,,0,,,,,0,,,,,0
2026-01-06 23:05:00,421237,4,580,E,ML,1.513,29,67,71.0,0.0193,65.7,9,11.0,0.0069,71.9,1,10.0,20.0,0.0145,70.3,1,10.0,40.0,0.0366,61.6,0,,,,,0,,,,,0,,,,,0,,,,,0,,,,,0
2026-01-06 23:05:00,421238,4,580,E,ML,3.005,30,67,66.0,0.0164,65.1,10,10.0,0.005,71.8,1,10.0,18.0,0.0099,69.5,1,10.0,38.0,0.0342,61.3,0,,,,,0,,,,,0,,,,,0,,,,,0,,,,,0
2026-01-06 23:10:00,421237,4,580,E,ML,1.513,30,67,83.0,0.022,66.8,10,16.0,0.0094,72.0,1,10.0,25.0,0.0183,71.3,1,10.0,42.0,0.0384,62.1,0,,,,,0,,,,,0,,,,,0,,,,,0,,,,,0
2026-01-06 23:10:00,421238,4,580,E,ML,3.005,30,67,71.0,0.0177,65.3,10,9.0,0.0044,71.9,1,10.0,22.0,0.0129,69.7,1,10.0,40.0,0.0357,61.5,0,,,,,0,,,,,0,,,,,0,,,,,0,,,,,0
2026-01-06 23:15:00,421237,4,580,E,ML,1.513,30,67,75.0,0.023,64.8,10,11.0,0.0055,72.3,1,10.0,23.0,0.0223,68.6,1,10.0,41.0,0.0411,60.7,0,,,,,0,,,,,0,,,,,0,,,,,0,,,,,0
2026-01-06 23:15:00,421238,4,580,E,ML,3.005,30,67,89.0,0.0223,65.6,10,19.0,0.0085,72.2,1,10.0,28.0,0.0191,68.6,1,10.0,42.0,0.0393,60.7,0,,,,,0,,,,,0,,,,,0,,,,,0,,,,,0
2026-01-06 23:20:00,421237,4,580,E,ML,1.513,30,67,74.0,0.0216,64.9,10,8.0,0.0047,72.2,1,10.0,25.0,0.0209,69.1,1,10.0,41.0,0.0393,61.0,0,,,,,0,,,,,0,,,,,0,,,,,0,,,,,0
2026-01-06 23:20:00,421238,4,580,E,ML,3.005,30,67,71.0,0.018,64.8,10,8.0,0.0038,72.1,1,10.0,23.0,0.0142,69.0,1,10.0,40.0,0.0361,60.9,0,,,,,0,,,,,0,,,,,0,,,,,0,,,,,0
2026-01-06 23:25:00,421237,4,580,E,ML,1.513,30,67,70.0,0.0205,65.0,10,9.0,0.0054,72.1,1,10.0,21.0,0.018,69.2,1,10.0,40.0,0.038,61.2,0,,,,,0,,,,,0,,,,,0,,,,,0,,,,,0
2026-01-06 23:25:00,421238,4,580,E,ML,3.005,30,67,69.0,0.0173,65.6,10,15.0,0.0072,72.1,1,10.0,17.0,0.0103,69.3,1,10.0,37.0,0.0344,61.2,0,,,,,0,,,,,0,,,,,0,,,,,0,,,,,0
2026-01-06 23:30:00,421237,4,580,E,ML,1.513,30,67,72.0,0.0234,63.0,10,6.0,0.0034,72.1,1,10.0,25.0,0.0259,65.8,1,10.0,41.0,0.0408,60.0,0,,,,,0,,,,,0,,,,,0,,,,,0,,,,,0
2026-01-06 23:30:00,421238,4,580,E,ML,3.005,30,67,68.0,0.0167,64.9,10,12.0,0.0059,72.0,1,10.0,18.0,0.0101,69.7,1,10.0,38.0,0.034,60.4,0,,,,,0,,,,,0,,,,,0,,,,,0,,,,,0
2026-01-06 23:35:00,421237,4,580,E,ML,1.513,30,67,72.0,0.0226,63.7,10,8.0,0.0071,71.4,1,10.0,24.0,0.0217,66.8,1,10.0,40.0,0.039,60.3,0,,,,,0,,,,,0,,,,,0,,,,,0,,,,,0
2026-01-06 23:35:00,421238,4,580,E,ML,3.005,30,67,73.0,0.018,64.9,10,10.0,0.0048,72.0,1,10.0,23.0,0.014,69.7,1,10.0,40.0,0.0353,60.3,0,,,,,0,,,,,0,,,,,0,,,,,0,,,,,0
2026-01-06 23:40:00,421237,4,580,E,ML,1.513,29,67,69.0,0.02,64.3,9,10.0,0.0056,71.8,1,10.0,19.0,0.0167,67.9,1,10.0,40.0,0.0378,60.8,0,,,,,0,,,,,0,,,,,0,,,,,0,,,,,0
2026-01-06 23:40:00,421238,4,580,E,ML,3.005,30,67,66.0,0.0169,64.7,10,7.0,0.0035,71.9,1,10.0,20.0,0.0119,69.8,1,10.0,39.0,0.0354,60.9,0,,,,,0,,,,,0,,,,,0,,,,,0,,,,,0
2026-01-06 23:45:00,421237,4,580,E,ML,1.513,30,67,71.0,0.0203,65.1,10,11.0,0.006,72.1,1,10.0,21.0,0.0177,68.7,1,10.0,39.0,0.0372,61.1,0,,,,,0,,,,,0,,,,,0,,,,,0,,,,,0
2026-01-06 23:45:00,421238,4,580,E,ML,3.005,30,67,78.0,0.0188,65.9,10,18.0,0.0085,72.0,1,10.0,21.0,0.0131,69.6,1,10.0,39.0,0.0347,61.1,0,,,,,0,,,,,0,,,,,0,,,,,0,,,,,0
2026-01-06 23:50:00,421237,4,580,E,ML,1.513,27,67,47.0,0.0181,63.5,9,11.0,0.0126,70.0,1,10.0,4.0,0.0087,67.7,1,8.0,32.0,0.0331,60.7,0,,,,,0,,,,,0,,,,,0,,,,,0,,,,,0
2026-01-06 23:50:00,421238,4,580,E,ML,3.005,30,67,55.0,0.0143,64.7,10,6.0,0.0029,72.0,1,10.0,14.0,0.0078,69.8,1,10.0,35.0,0.0321,61.4,0,,,,,0,,,,,0,,,,,0,,,,,0,,,,,0
2026-01-06 23:55:00,421237,4,580,E,ML,1.513,25,67,69.0,0.0364,56.1,10,23.0,0.068,42.5,1,10.0,10.0,0.0076,68.9,1,5.0,36.0,0.0337,61.1,0,,,,,0,,,,,0,,,,,0,,,,,0,,,,,0
2026-01-06 23:55:00,421238,4,580,E,ML,3.005,30,67,64.0,0.0164,65.5,10,13.0,0.0066,71.9,1,10.0,15.0,0.009,69.8,1,10.0,36.0,0.0335,61.5,0,,,,,0,,,,,0,,,,,0,,,,,0,,,,,0
